-- phpMyAdmin SQL Dump
-- version 5.2.1
-- https://www.phpmyadmin.net/
--
-- Servidor: 127.0.0.1:3307
-- Tiempo de generación: 24-04-2026 a las 21:02:28
-- Versión del servidor: 10.4.32-MariaDB
-- Versión de PHP: 8.2.12

SET SQL_MODE = "NO_AUTO_VALUE_ON_ZERO";
START TRANSACTION;
SET time_zone = "+00:00";


/*!40101 SET @OLD_CHARACTER_SET_CLIENT=@@CHARACTER_SET_CLIENT */;
/*!40101 SET @OLD_CHARACTER_SET_RESULTS=@@CHARACTER_SET_RESULTS */;
/*!40101 SET @OLD_COLLATION_CONNECTION=@@COLLATION_CONNECTION */;
/*!40101 SET NAMES utf8mb4 */;

--
-- Base de datos: `mm_pharma`
--

-- --------------------------------------------------------

--
-- Estructura de tabla para la tabla `administradores`
--

CREATE TABLE `administradores` (
  `id` int(11) NOT NULL,
  `nombre` varchar(150) NOT NULL,
  `email` varchar(150) NOT NULL,
  `password_hash` varchar(255) NOT NULL COMMENT 'Hash bcrypt del password',
  `activo` tinyint(1) NOT NULL DEFAULT 1,
  `foto_perfil` varchar(500) DEFAULT NULL,
  `telefono` varchar(30) DEFAULT NULL,
  `created_at` timestamp NOT NULL DEFAULT current_timestamp(),
  `updated_at` timestamp NOT NULL DEFAULT current_timestamp() ON UPDATE current_timestamp()
) ENGINE=InnoDB DEFAULT CHARSET=utf8mb4 COLLATE=utf8mb4_general_ci;

--
-- Volcado de datos para la tabla `administradores`
--

INSERT INTO `administradores` (`id`, `nombre`, `email`, `password_hash`, `activo`, `foto_perfil`, `telefono`, `created_at`, `updated_at`) VALUES
(1, 'Omar Alquicires Mendivil', 'omi.mendivil@gmail.com', '$2y$10$92IXUNpkjO0rOQ5byMi.Ye4oKoEa3Ro9llC/.og/at2.uheWG/igi', 1, '../uploads/perfiles/admin_1_1776484764.jpg', NULL, '2026-04-18 02:54:06', '2026-04-18 03:59:24');

-- --------------------------------------------------------

--
-- Estructura de tabla para la tabla `clientes`
--

CREATE TABLE `clientes` (
  `id` int(11) NOT NULL,
  `tipo` enum('FARMACIA','DISTRIBUIDORA','EMPRESA') NOT NULL DEFAULT 'FARMACIA',
  `razon_social` varchar(300) NOT NULL COMMENT 'Nombre o Razón Social',
  `nombre_comercial` varchar(300) DEFAULT NULL,
  `rfc` varchar(20) DEFAULT NULL,
  `regimen_fiscal` varchar(150) DEFAULT NULL,
  `domicilio_fiscal` varchar(400) DEFAULT NULL,
  `colonia_fiscal` varchar(150) DEFAULT NULL,
  `cp_fiscal` varchar(10) DEFAULT NULL,
  `ciudad_fiscal` varchar(100) DEFAULT NULL,
  `estado_fiscal` varchar(60) DEFAULT NULL,
  `representante_legal` varchar(200) DEFAULT NULL,
  `giro` varchar(300) DEFAULT NULL,
  `persona_contacto` varchar(200) DEFAULT NULL,
  `volumen_mensual` decimal(12,2) DEFAULT 0.00,
  `telefono_local` varchar(20) DEFAULT NULL,
  `telefono_celular` varchar(20) DEFAULT NULL,
  `email` varchar(150) DEFAULT NULL,
  `password_hash` varchar(255) DEFAULT NULL,
  `documento_tipo` enum('NOTA','FACTURA') DEFAULT 'FACTURA',
  `metodo_pago` enum('TRANSFERENCIA','CHEQUE','EFECTIVO') DEFAULT 'TRANSFERENCIA',
  `uso_cfdi` varchar(100) DEFAULT NULL,
  `domicilio_entrega` varchar(400) DEFAULT NULL,
  `colonia_entrega` varchar(150) DEFAULT NULL,
  `cp_entrega` varchar(10) DEFAULT NULL,
  `ciudad_entrega` varchar(100) DEFAULT NULL,
  `municipio_entrega` varchar(100) DEFAULT NULL,
  `estado_entrega` varchar(60) DEFAULT NULL,
  `receptor_entrega` varchar(200) DEFAULT NULL,
  `horario_entrega` varchar(200) DEFAULT NULL,
  `estatus` enum('ACTIVO','INACTIVO','DOCS_PENDIENTES') NOT NULL DEFAULT 'DOCS_PENDIENTES',
  `agente_id` int(11) DEFAULT NULL COMMENT 'FK -> administradores.id',
  `notas` text DEFAULT NULL,
  `created_at` timestamp NOT NULL DEFAULT current_timestamp(),
  `updated_at` timestamp NOT NULL DEFAULT current_timestamp() ON UPDATE current_timestamp()
) ENGINE=InnoDB DEFAULT CHARSET=utf8mb4 COLLATE=utf8mb4_general_ci;

--
-- Volcado de datos para la tabla `clientes`
--

INSERT INTO `clientes` (`id`, `tipo`, `razon_social`, `nombre_comercial`, `rfc`, `regimen_fiscal`, `domicilio_fiscal`, `colonia_fiscal`, `cp_fiscal`, `ciudad_fiscal`, `estado_fiscal`, `representante_legal`, `giro`, `persona_contacto`, `volumen_mensual`, `telefono_local`, `telefono_celular`, `email`, `password_hash`, `documento_tipo`, `metodo_pago`, `uso_cfdi`, `domicilio_entrega`, `colonia_entrega`, `cp_entrega`, `ciudad_entrega`, `municipio_entrega`, `estado_entrega`, `receptor_entrega`, `horario_entrega`, `estatus`, `agente_id`, `notas`, `created_at`, `updated_at`) VALUES
(5, 'FARMACIA', 'Farmacia de Prueba S.A. de C.V.', NULL, NULL, NULL, NULL, NULL, NULL, NULL, NULL, NULL, NULL, NULL, 0.00, NULL, NULL, 'cliente@mmpharma.com', '$2y$10$nZ1gj27coIurg3kUfjUdj.oPpj1WUbQOHudhdT21rjkvxjPoexnte', 'FACTURA', 'TRANSFERENCIA', NULL, NULL, NULL, NULL, NULL, NULL, NULL, NULL, NULL, 'ACTIVO', NULL, NULL, '2026-04-22 22:06:48', '2026-04-22 22:06:48');

-- --------------------------------------------------------

--
-- Estructura de tabla para la tabla `configuracion`
--

CREATE TABLE `configuracion` (
  `clave` varchar(100) NOT NULL,
  `valor` text DEFAULT NULL,
  `descripcion` varchar(300) DEFAULT NULL,
  `updated_at` timestamp NOT NULL DEFAULT current_timestamp() ON UPDATE current_timestamp()
) ENGINE=InnoDB DEFAULT CHARSET=utf8mb4 COLLATE=utf8mb4_general_ci;

--
-- Volcado de datos para la tabla `configuracion`
--

INSERT INTO `configuracion` (`clave`, `valor`, `descripcion`, `updated_at`) VALUES
('dias_respuesta', '2', 'Días hábiles de respuesta a solicitudes', '2026-04-18 02:54:07'),
('empresa_email', 'contacto@mmpharma.com', 'Email principal de contacto', '2026-04-18 02:54:07'),
('empresa_nombre', 'MMPharma', 'Nombre de la empresa', '2026-04-18 02:54:07'),
('empresa_telefono', '', 'Teléfono de contacto', '2026-04-18 02:54:07'),
('red_fria_temp_max', '8', 'Temperatura máxima red fría (°C)', '2026-04-18 02:54:07'),
('red_fria_temp_min', '2', 'Temperatura mínima red fría (°C)', '2026-04-18 02:54:07'),
('stock_alerta_minimo', '20', 'Cantidad mínima global para alerta de stock', '2026-04-18 02:54:07');

-- --------------------------------------------------------

--
-- Estructura de tabla para la tabla `contacto_mensajes`
--

CREATE TABLE `contacto_mensajes` (
  `id` int(11) NOT NULL,
  `nombre` varchar(200) NOT NULL,
  `email` varchar(150) NOT NULL,
  `telefono` varchar(30) DEFAULT NULL,
  `empresa` varchar(300) DEFAULT NULL,
  `mensaje` text NOT NULL,
  `leido` tinyint(1) NOT NULL DEFAULT 0,
  `ip_origen` varchar(45) DEFAULT NULL,
  `created_at` timestamp NOT NULL DEFAULT current_timestamp()
) ENGINE=InnoDB DEFAULT CHARSET=utf8mb4 COLLATE=utf8mb4_general_ci;

-- --------------------------------------------------------

--
-- Estructura de tabla para la tabla `inventario_movimientos`
--

CREATE TABLE `inventario_movimientos` (
  `id` int(11) NOT NULL,
  `producto_id` int(11) NOT NULL COMMENT 'FK -> productos.id',
  `tipo` enum('ENTRADA','SALIDA','AJUSTE') NOT NULL,
  `cantidad` int(11) NOT NULL COMMENT 'Positivo = entrada, negativo = salida/ajuste',
  `referencia` varchar(150) DEFAULT NULL COMMENT 'Ej. Pedido #ORD-8821, Lote V23-01',
  `motivo` varchar(300) DEFAULT NULL COMMENT 'Ej. Reabastecimiento, Merma por daño',
  `responsable` varchar(150) DEFAULT NULL,
  `created_at` timestamp NOT NULL DEFAULT current_timestamp()
) ENGINE=InnoDB DEFAULT CHARSET=utf8mb4 COLLATE=utf8mb4_general_ci;

-- --------------------------------------------------------

--
-- Estructura de tabla para la tabla `inventario_stock`
--

CREATE TABLE `inventario_stock` (
  `producto_id` int(11) NOT NULL COMMENT 'FK -> productos.id',
  `stock_actual` int(11) NOT NULL DEFAULT 0,
  `stock_minimo` int(11) NOT NULL DEFAULT 0 COMMENT 'Umbral para alertas',
  `updated_at` timestamp NOT NULL DEFAULT current_timestamp() ON UPDATE current_timestamp()
) ENGINE=InnoDB DEFAULT CHARSET=utf8mb4 COLLATE=utf8mb4_general_ci;

-- --------------------------------------------------------

--
-- Estructura de tabla para la tabla `pedidos`
--

CREATE TABLE `pedidos` (
  `id` int(11) NOT NULL,
  `folio` varchar(30) NOT NULL COMMENT 'Ej. ORD-2024-8841',
  `cliente_id` int(11) NOT NULL COMMENT 'FK -> clientes.id',
  `tipo_cliente` enum('FARMACIA','DISTRIBUIDORA','EMPRESA') NOT NULL,
  `fecha_pedido` date NOT NULL,
  `fecha_entrega` date DEFAULT NULL,
  `monto_total` decimal(14,2) NOT NULL DEFAULT 0.00,
  `metodo_pago` enum('TRANSFERENCIA','CREDITO_30D','CREDITO_60D','EFECTIVO','CHEQUE') DEFAULT 'TRANSFERENCIA',
  `estado_envio` enum('PENDIENTE','PROCESANDO','ENVIADO','ENTREGADO','CANCELADO') NOT NULL DEFAULT 'PENDIENTE',
  `notas` text DEFAULT NULL,
  `created_at` timestamp NOT NULL DEFAULT current_timestamp(),
  `updated_at` timestamp NOT NULL DEFAULT current_timestamp() ON UPDATE current_timestamp()
) ENGINE=InnoDB DEFAULT CHARSET=utf8mb4 COLLATE=utf8mb4_general_ci;

--
-- Volcado de datos para la tabla `pedidos`
--

INSERT INTO `pedidos` (`id`, `folio`, `cliente_id`, `tipo_cliente`, `fecha_pedido`, `fecha_entrega`, `monto_total`, `metodo_pago`, `estado_envio`, `notas`, `created_at`, `updated_at`) VALUES
(5, 'ORD-2026-0001', 5, 'FARMACIA', '2026-04-22', NULL, 579.97, 'TRANSFERENCIA', 'PROCESANDO', NULL, '2026-04-22 22:57:01', '2026-04-22 22:57:47'),
(6, 'ORD-2026-0006', 5, 'FARMACIA', '2026-04-22', NULL, 853.50, 'TRANSFERENCIA', 'PROCESANDO', NULL, '2026-04-23 03:55:31', '2026-04-23 23:56:23'),
(7, 'ORD-2026-0007', 5, 'FARMACIA', '2026-04-23', NULL, 882.66, 'TRANSFERENCIA', 'CANCELADO', NULL, '2026-04-23 23:55:17', '2026-04-23 23:56:09'),
(8, 'ORD-2026-0008', 5, 'FARMACIA', '2026-04-24', NULL, 98.60, 'TRANSFERENCIA', 'PROCESANDO', NULL, '2026-04-24 18:37:11', '2026-04-24 18:37:26'),
(9, 'ORD-2026-0009', 5, 'FARMACIA', '2026-04-24', NULL, 525.00, 'TRANSFERENCIA', 'PENDIENTE', NULL, '2026-04-24 18:39:45', '2026-04-24 18:39:45'),
(10, 'ORD-2026-0010', 5, 'FARMACIA', '2026-04-24', NULL, 1312.50, 'TRANSFERENCIA', 'PENDIENTE', NULL, '2026-04-24 18:41:33', '2026-04-24 18:41:33');

-- --------------------------------------------------------

--
-- Estructura de tabla para la tabla `pedidos_detalle`
--

CREATE TABLE `pedidos_detalle` (
  `id` int(11) NOT NULL,
  `pedido_id` int(11) NOT NULL COMMENT 'FK -> pedidos.id',
  `producto_id` int(11) NOT NULL COMMENT 'FK -> productos.id',
  `nombre_producto` varchar(500) NOT NULL COMMENT 'Snapshot del nombre en el momento de venta',
  `cantidad` int(11) NOT NULL DEFAULT 1,
  `precio_unitario` decimal(10,2) NOT NULL DEFAULT 0.00,
  `subtotal` decimal(14,2) NOT NULL DEFAULT 0.00
) ENGINE=InnoDB DEFAULT CHARSET=utf8mb4 COLLATE=utf8mb4_general_ci;

--
-- Volcado de datos para la tabla `pedidos_detalle`
--

INSERT INTO `pedidos_detalle` (`id`, `pedido_id`, `producto_id`, `nombre_producto`, `cantidad`, `precio_unitario`, `subtotal`) VALUES
(1, 5, 3, 'ABATELENGUAS DE MADERA (AMBIDERM) BOLSA CON 25 PZS.', 3, 7.75, 23.25),
(2, 5, 2, 'A.S. COR 1 G/100 ML SOL. FCO. GOTERO CON 24 ML', 1, 262.50, 262.50),
(3, 5, 8, 'ACCU-CHEK ACTIVE TIRAS REACTIVAS CAJA CON 50', 1, 294.22, 294.22),
(4, 6, 8, 'ACCU-CHEK ACTIVE TIRAS REACTIVAS CAJA CON 50', 1, 294.22, 294.22),
(5, 6, 9, 'ACCU-CHEK INSTANT TIRAS REACTIVAS CON 50 PIEZAS', 2, 279.64, 559.28),
(6, 7, 8, 'ACCU-CHEK ACTIVE TIRAS REACTIVAS CAJA CON 50', 3, 294.22, 882.66),
(7, 8, 18, 'ADRECORT 1 MG CON 20 TABLETAS', 4, 24.65, 98.60),
(8, 9, 2, 'A.S. COR 1 G/100 ML SOL. FCO. GOTERO CON 24 ML', 2, 262.50, 525.00),
(9, 10, 2, 'A.S. COR 1 G/100 ML SOL. FCO. GOTERO CON 24 ML', 5, 262.50, 1312.50);

-- --------------------------------------------------------

--
-- Estructura de tabla para la tabla `productos`
--

CREATE TABLE `productos` (
  `id` int(11) NOT NULL,
  `codigo` bigint(20) DEFAULT NULL,
  `nombre` varchar(500) NOT NULL,
  `sustancia` text DEFAULT NULL,
  `precio_empresa` decimal(10,2) DEFAULT 0.00,
  `precio_farmacia` decimal(10,2) DEFAULT 0.00,
  `precio_distribuidor` decimal(10,2) DEFAULT 0.00,
  `precio_red_fria` decimal(10,2) DEFAULT 0.00,
  `orden` int(11) DEFAULT 0,
  `tipo` varchar(20) DEFAULT 'SECO',
  `imagen` varchar(255) DEFAULT NULL,
  `created_at` timestamp NOT NULL DEFAULT current_timestamp()
) ENGINE=InnoDB DEFAULT CHARSET=utf8mb4 COLLATE=utf8mb4_general_ci;

--
-- Volcado de datos para la tabla `productos`
--

INSERT INTO `productos` (`id`, `codigo`, `nombre`, `sustancia`, `precio_empresa`, `precio_farmacia`, `precio_distribuidor`, `precio_red_fria`, `orden`, `tipo`, `imagen`, `created_at`) VALUES
(2, 7501070635596, 'A.S. COR 1 G/100 ML SOL. FCO. GOTERO CON 24 ML', 'NORFENEFRINA - NORFENILEFRINA', 273.00, 262.50, 252.00, 252.00, 1, 'SECO', 'PENDIENTE', '2026-04-05 06:48:16'),
(3, 7502224244251, 'ABATELENGUAS DE MADERA (AMBIDERM) BOLSA CON 25 PZS.', 'ABATELENGUAS DE MADERA |', 8.06, 7.75, 7.44, 7.44, 4, 'SECO', 'PENDIENTE', '2026-04-05 06:48:16'),
(4, 7502224241977, 'ABATELENGUAS DE MADERA CAJA CON 100 PIEZAS AMBIDERM', 'ABATELENGUAS DE MADERA', 44.37, 42.66, 40.96, 40.96, 2, 'SECO', 'PENDIENTE', '2026-04-05 06:48:16'),
(5, 7506335701405, 'ACCOCEPT 500 MG CON 50 TABLETAS', 'ACIDO MICOFENOLICO - 500 MG / 50 TABLETA', 751.60, 723.27, 692.36, 692.36, 6, 'SECO', 'PENDIENTE', '2026-04-05 06:48:16'),
(6, 7506335700217, 'ACCOCIT RTU 10MG/10 ML CON 1 FRASCO AMPULA', 'CISPLATINO', 141.82, 136.36, 130.91, 130.91, 8, 'SECO', 'PENDIENTE', '2026-04-05 06:48:16'),
(7, 7506335700224, 'ACCOCIT RTU 50 MG/50 ML CON 1 FRASCO AMPULA', 'CISPLATINO - 50 MG / 50 ML / 1 FRASCO AMPULA', 240.75, 231.49, 222.23, 222.23, 11, 'SECO', 'PENDIENTE', '2026-04-05 06:48:16'),
(8, 4015630064076, 'ACCU-CHEK ACTIVE TIRAS REACTIVAS CAJA CON 50', 'TIRAS REACTIVAS P/GLUCOSA', 294.22, 294.22, 294.22, 294.22, 14, 'SECO', 'PENDIENTE', '2026-04-05 06:48:16'),
(9, 4015630067084, 'ACCU-CHEK INSTANT TIRAS REACTIVAS CON 50 PIEZAS', 'TIRAS REACTIVAS MEDIDORAS DE GLUCOSA', 279.64, 279.64, 279.64, 279.64, 3, 'SECO', 'PENDIENTE', '2026-04-05 06:48:16'),
(10, 7506335700033, 'ACETRAZ 1 MG CON 28 TABLETAS', 'ANASTROZOL', 325.00, 300.00, 280.00, 280.00, 6, 'SECO', 'PENDIENTE', '2026-04-05 06:48:16'),
(11, 7506442703392, 'ACIDO ZOLEDRONICO 4 MG/5 ML HETERO SOL. INY. CON 1 FCO. AMP', 'ACIDO ZOLEDRONICO -', 436.80, 350.00, 336.00, 336.00, 15, 'SECO', 'PENDIENTE', '2026-04-05 06:48:16'),
(12, 7506335701825, 'ACOFLUT 250MG/5ML CAJA CON 10 FRASCOS AMPULA', 'FLUORACILO', 738.64, 709.09, 661.82, 661.82, 17, 'SECO', 'PENDIENTE', '2026-04-05 06:48:16'),
(13, 7506331303672, 'ACORAPIN 450 MG/45 ML, 1 FCO. AMPULA CARBOPLATINO', 'CARBOPLATINO', 715.00, 687.50, 616.00, 616.00, 13, 'SECO', 'PENDIENTE', '2026-04-05 06:48:16'),
(14, 7502001163775, 'ACROXIL-C 500/8 MG CON 12 CAPSULAS', 'AMOXICILINA 500.00 MG BROMHEXINA 8.00 MG - CAPSULA ORAL', 29.55, 28.41, 27.28, 27.28, 19, 'SECO', 'PENDIENTE', '2026-04-05 06:48:16'),
(15, 7501165003040, 'ADEROGYL SOL.ORAL CAJA CON 5 AMPOLLETAS CON 3ML', 'VITAMINA D3 1200.00 UI VITAMINA A 7800.00 UIVITAMINA C 600.00 MG - VITAMINAS ACD', 124.37, 124.37, 124.37, 124.37, 20, 'SECO', 'PENDIENTE', '2026-04-05 06:48:16'),
(16, 7502009747298, 'ADONAT JALEA TOPICA TUBO C/25 G. 0.75 G/100 G.', 'ISOTIPENDILO TOPICO', 53.17, 51.13, 49.08, 49.08, 21, 'SECO', 'PENDIENTE', '2026-04-05 06:48:16'),
(17, 7501842900716, 'ADOPREN 50 TAB 800 MG', 'IBUPROFENO 800.00 MG - CAPSULA / TABLETA ORAL', 0.00, 0.00, 0.00, 0.00, 3, 'SECO', 'PENDIENTE', '2026-04-05 06:48:16'),
(18, 7506624900571, 'ADRECORT 1 MG CON 20 TABLETAS', 'DEXAMETASONA', 25.64, 24.65, 23.66, 23.66, 22, 'SECO', 'PENDIENTE', '2026-04-05 06:48:16'),
(19, 7502215782892, 'ADRIPHEL 1 G CON 10 COMPRIMIDOS EFERVECENTES SABOR NARANJA.', 'ACIDO ASCORBICO', 49.92, 48.00, 46.08, 46.08, 23, 'SECO', 'PENDIENTE', '2026-04-05 06:48:16'),
(20, 7502215787613, 'ADRIPHEL 2G CON 10 COMPRIMIDOS EFERVESCENTES', 'ACIDO ASCORBICO 2.00 G - TABLETA EFERVS', 57.80, 55.58, 53.35, 53.35, 24, 'SECO', 'PENDIENTE', '2026-04-05 06:48:16'),
(21, 7501400800564, 'AGIN CON 20 TABLETAS', 'ÁCIDO ACETILSALICÍLICO, ÁCIDO ASCÓRBICO, SULFADIAZINA', 138.07, 138.07, 138.07, 138.07, 25, 'SECO', 'PENDIENTE', '2026-04-05 06:48:16'),
(22, 7501125116810, 'AGRIFEN 500/25/5/4 MG CAJA CON 10 TABLETAS', 'CAFEINA 25.00 MG PARACETAMOL 500.00 MG FENILEFRINA 5.00 MG CLORFENAMINA 4.00 MG - CLORFENAMINA COMPUESTA', 26.17, 26.17, 26.17, 26.17, 26, 'SECO', 'PENDIENTE', '2026-04-05 06:48:16'),
(23, 7501125110795, 'AGUA INYECTABLE (PISA) SOLUCION FCO. 1000 ML.', 'AGUA ESTERIL PARA USO INYECTABLE O IRRIGACION', 59.67, 57.38, 55.08, 55.08, 28, 'SECO', 'PENDIENTE', '2026-04-05 06:48:16'),
(24, 7501384544638, 'AGUA INYECTABLE 1 ENVASE 500 ML', 'AGUA INYECTABLE 500.00 ML - 1 ENVASE 500 ML', 20.68, 19.89, 19.09, 0.00, 30, 'SECO', 'PENDIENTE', '2026-04-05 06:48:16'),
(25, 7501125111105, 'AGUA INYECTABLE 10 ML CON 1 AMPULA', 'AGUA ESTERIL P / USO INYECTABLE O IRRIGACION -', 6.62, 6.36, 6.11, 6.11, 31, 'SECO', 'PENDIENTE', '2026-04-05 06:48:16'),
(26, 7501052712840, 'AGUA INYECTABLE ALPHA SOL. INY. FCO. 500 ML.', 'AGUA ESTERIL P / USO INYECTABLE O IRRIGACION -', 25.43, 24.45, 23.47, 24.06, 32, 'SECO', 'PENDIENTE', '2026-04-05 06:48:16'),
(27, 7502281190225, 'AGUA OXIGENADA (AG) SOLUCION AL 3.5% 125 ML.', 'ANTISEPTICO A BASE DE AGUA OXIGENADA', 6.55, 6.30, 6.05, 6.05, 34, 'SECO', 'PENDIENTE', '2026-04-05 06:48:16'),
(28, 7502281190249, 'AGUA OXIGENADA (AG) SOLUCION AL 3.5% FCO. 500 ML.', 'AGUA OXIGENADA', 16.09, 15.47, 14.86, 14.86, 35, 'SECO', 'PENDIENTE', '2026-04-05 06:48:16'),
(29, 7502281190256, 'AGUA OXIGENADA (AG) SOLUCION AL 3.5% FRASCO 1000 ML.', 'AGUA OXIGENADA', 30.23, 29.06, 27.90, 27.90, 36, 'SECO', 'PENDIENTE', '2026-04-05 06:48:16'),
(30, 759684315152, 'AGUA OXIGENADA (JALOMA) SOLUCION AL 3% 224 ML.', 'AGUA OXIGENADA -', 14.39, 13.84, 13.28, 13.28, 37, 'SECO', 'PENDIENTE', '2026-04-05 06:48:16'),
(31, 7506022304124, 'AGUJA HIPODERMICA (SENSIMEDICAL) 22GX1-1/4\"(32MM) CAJA CON 1', 'AGUJA HIPODERMICA 22 X32 [NORMAL, COLOR NEGRO] - 100 AGUJA 22 X32 MM', 62.51, 60.11, 57.71, 57.71, 38, 'SECO', 'PENDIENTE', '2026-04-05 06:48:16'),
(32, 7506022304735, 'AGUJA HIPODERMICA 21GX1-1/2\"(38MM) CAJA CON 100 (SENSIMEDICA', 'AGUJA HIPODERMICA 21 X38 [LARGA, COLOR VERDE] -', 61.63, 59.26, 56.89, 56.89, 39, 'SECO', 'PENDIENTE', '2026-04-05 06:48:16'),
(33, 7506022304131, 'AGUJA HIPODERMICA 21GX1-1/4\"(32MM) CAJA CON 100 (SENSIMEDICA', 'AGUJA HIPODERMICA 21 X32 [NORMAL, COLOR VERDE] - 100 AGUJA 21 X32 MM', 70.20, 65.00, 62.40, 62.40, 3, 'SECO', 'PENDIENTE', '2026-04-05 06:48:16'),
(34, 7891317019808, 'ALBOTHYL 1.8 G CREMA TUBO CON 30 G', 'POLICRESULENO', 434.74, 434.74, 434.74, 434.74, 41, 'SECO', 'PENDIENTE', '2026-04-05 06:48:16'),
(35, 759684311451, 'ALCOHOL ETILICO DESNATURALIZADO (JALOMA) 70% 120 ML.', 'ALCOHOL ETILICO 70 G L -', 9.91, 9.53, 9.14, 9.14, 42, 'SECO', 'PENDIENTE', '2026-04-05 06:48:16'),
(36, 7501048333301, 'ALCOHOL ETILICO DESNATURALIZADO (PROTEC) 70% FCO. 1000 ML', 'ALCOHOL ETILICO 70 G L - 1 BOTELLA 1000 ML', 53.73, 51.66, 49.60, 49.60, 43, 'SECO', 'PENDIENTE', '2026-04-05 06:48:16'),
(37, 7501048332977, 'ALCOHOL ETILICO DESNATURALIZADO (PROTEC) 70% FCO. 110 ML', 'ALCOHOL ETILICO 70 G L - 1 BOTELLA 110 ML', 10.18, 9.43, 9.05, 9.05, 47, 'SECO', 'PENDIENTE', '2026-04-05 06:48:16'),
(38, 7501048333103, 'ALCOHOL ETILICO DESNATURALIZADO (PROTEC) 70% FCO. 250 ML', 'ALCOHOL ETILICO 70 G L - 1 BOTELLA 250 ML', 20.59, 16.50, 15.84, 15.84, 48, 'SECO', 'PENDIENTE', '2026-04-05 06:48:16'),
(39, 7502213341305, 'ALCOHOL ETILICO DESNATURALIZADO (PUREX) 70 G.L. 500 ML.', 'ALCOHOL ETILICO 70 G.L. (FRASCO)', 27.00, 25.96, 24.92, 24.92, 51, 'SECO', 'PENDIENTE', '2026-04-05 06:48:16'),
(40, 7501287621009, 'ALDACTONE 100MG CON 30 TABLETAS', 'ESPIRONOLACTONA -', 535.93, 515.31, 494.70, 494.70, 52, 'SECO', 'PENDIENTE', '2026-04-05 06:48:16'),
(41, 7506442705303, 'ALFUZOSINA 10 MG LP CON 28 TABLETAS', 'ALFUZOSINA', 364.00, 350.00, 336.00, 336.00, 53, 'SECO', 'PENDIENTE', '2026-04-05 06:48:16'),
(42, 759684076091, 'ALGODON ABSORBENTE PLISADO (JALOMA) BOLSA CON  10 G.', 'ALGODON ABSORBENTE', 3.11, 2.99, 2.87, 2.87, 54, 'SECO', 'PENDIENTE', '2026-04-05 06:48:16'),
(43, 759684076050, 'ALGODON ABSORBENTE PLISADO BOLSA C/100 SOBRES DE 3 G  (JALOM', 'ALGODON PLISADO', 0.00, 0.00, 0.00, 0.00, 3, 'SECO', 'PENDIENTE', '2026-04-05 06:48:16'),
(44, 7503013836039, 'ALGODON ABSORBENTE PLISADO BOLSA CON 300 G.', 'ALGODON ABSORBENTE 300G.', 48.04, 46.19, 44.34, 44.34, 55, 'SECO', 'PENDIENTE', '2026-04-05 06:48:16'),
(45, 759684076404, 'ALGODON FACIAL (PADS) BOLSA CON 100 PIEZAS', 'PADS ALGODON', 0.00, 0.00, 0.00, 0.00, 972, 'SECO', 'PENDIENTE', '2026-04-05 06:48:16'),
(46, 759684076251, 'ALGODON JALOMA PLISADO 200 GRS.', 'ALGODON -', 42.94, 41.29, 39.64, 39.64, 3, 'SECO', 'PENDIENTE', '2026-04-05 06:48:16'),
(47, 7503003406419, 'ALGODON PLISADO 1 BOLSA 300 G', 'ALGODON 300.00 G - 1 BOLSA 300 G', 55.06, 52.94, 50.82, 50.82, 56, 'SECO', 'PENDIENTE', '2026-04-05 06:48:16'),
(48, 7501008497593, 'ALKA SELTZER BOOST 500-65 MG CON 10 TABLETAS EFERVESCENTES', 'ACIDO ACETILSALICILICO, CAFEINA - TABLETA EFERVESCENTE C / 10', 51.98, 51.98, 51.98, 51.98, 58, 'SECO', 'PENDIENTE', '2026-04-05 06:48:16'),
(49, 7501008443026, 'ALKA SELTZER CAJA CON 100 TABLETAS EFERVECENTES', 'BICARBONATO,AC CITRICO,AC ACETILS -', 273.21, 273.21, 273.21, 273.21, 59, 'SECO', 'PENDIENTE', '2026-04-05 06:48:16'),
(50, 7501008443033, 'ALKA SELTZER CON 12 TABLETAS EFERVESCENTES', 'BICARBONATO DE SODIO - ACIDO CITRICO - ACIDO ACETILSALICILICO - TABLETA EFERVESCENTE C / 12', 42.02, 42.02, 42.02, 42.02, 60, 'SECO', 'PENDIENTE', '2026-04-05 06:48:16'),
(51, 7501384546809, 'ALOPURINOL (NEOLPHARMA) C/20 TABS. 300 MG. - 20 - TABLETA -', 'ALOPURINOL -', 29.61, 28.48, 27.34, 27.34, 62, 'SECO', 'PENDIENTE', '2026-04-05 06:48:16'),
(52, 7506331303474, 'ALOXAPIN 100 MG/20 ML, 1 FCO. AMPULA OXALIPLATINO', 'OXALIPLATINO', 845.00, 812.50, 728.00, 728.00, 11, 'SECO', 'PENDIENTE', '2026-04-05 06:48:16'),
(53, 7506331303467, 'ALOXAPIN 50 MG/10 ML, 1 FCO. AMPULA OXALIPLATINO', 'OXALIPLATINO', 455.00, 437.50, 392.00, 392.00, 63, 'SECO', 'PENDIENTE', '2026-04-05 06:48:16'),
(54, 7506429600355, 'ALQUIFOS 1 GR SOLUCION INYECTABLE (RF)', 'IFOSFAMIDA', 682.50, 656.25, 588.00, 630.00, 3, 'RED FRIA', 'PENDIENTE', '2026-04-05 06:48:16'),
(55, 7501075710113, 'ALUMAG - 240 ML - SUSPENSION - 3.70 G - 4 G / 100 ML', 'MAGNESIO, ALUMINIO - SUSPENSION 3.70 - 4 G C / 240 ML', 0.00, 0.00, 0.00, 0.00, 3, 'SECO', 'PENDIENTE', '2026-04-05 06:48:16'),
(56, 7502222840523, 'ALVERITIN SOL. INY. CON 6 FCO. AMP. 4000 UI/1 ML.(RF)', 'ERITROPOYETINA 4000 U I -', 921.82, 738.64, 661.82, 671.82, 9, 'RED FRIA', 'PENDIENTE', '2026-04-05 06:48:16'),
(57, 37502224240650, 'AMBIDERM ESTERIL LTX MED BOLSA CON 1', 'GUANTES DE LATEX ESTERIL', 0.00, 0.00, 0.00, 0.00, 64, 'SECO', 'PENDIENTE', '2026-04-05 06:48:16'),
(58, 7502224248099, 'AMBIDERM GUANTES LATEX CIRUGÍA ESTERIL TALLA 7 1/2 CON 1 PAR', 'GUANTE PARA CIRUGIA', 9.14, 5.71, 5.48, 4.46, 65, 'SECO', 'PENDIENTE', '2026-04-05 06:48:16'),
(59, 7502224240239, 'AMBIDERM PLUS GUANTE LTX EXPLORACION BLANCO NO ESTERIL GDE.', '', 107.91, 103.76, 99.61, 102.10, 66, 'SECO', 'PENDIENTE', '2026-04-05 06:48:16'),
(60, 7502224245876, 'AMBIO-ON CATÉTER IV RADIOPACO 14GX46MM. COLOR NARANJA C/1 PZ', 'CATETER INTRAVENOSO CALIBRE 14', 6.08, 5.85, 5.62, 5.62, 11, 'SECO', 'PENDIENTE', '2026-04-05 06:48:16'),
(61, 7502224245890, 'AMBIO-ON CATETER IV RADIOPACO 18GX32MM. COLOR VERDE CON 1 PI', 'CATETER INTRAVENOSO', 6.08, 5.85, 5.62, 5.62, 67, 'SECO', 'PENDIENTE', '2026-04-05 06:48:16'),
(62, 7502224245906, 'AMBIO-ON CATETER IV RADIOPACO 20GX32MM. COLOR ROSA CON 1 PIE', 'CATETER INTRAVENOSO CALIBRE 20 [COLOR ROSA]', 6.08, 5.85, 5.62, 5.62, 68, 'SECO', 'PENDIENTE', '2026-04-05 06:48:16'),
(63, 7502224245920, 'AMBIO-ON CATÉTER IV RADIOPACO 24GX19MM. COLOR AMARILLO CON 1', 'CATÉTER INTRAVENOSO CALIBRE 24 [COLOR AMARILLO]', 6.08, 5.85, 5.62, 5.62, 70, 'SECO', 'PENDIENTE', '2026-04-05 06:48:16'),
(64, 7501349012004, 'AMCEF I.M. 1G/3.5 ML  SOLUCION INYECTABLE', 'CEFTRIAXONA 1.00 G - I M', 22.23, 21.38, 20.52, 20.52, 72, 'SECO', 'PENDIENTE', '2026-04-05 06:48:16'),
(65, 7503003738961, 'AMDORY 30 MG CON 14 CAPSULAS', 'LANSOPRAZOL - CAPSULA 30 MG C / 14', 32.42, 31.18, 29.93, 29.93, 6, 'SECO', 'PENDIENTE', '2026-04-05 06:48:16'),
(66, 7501349021440, 'AMIKACINA 500 MG/2 ML SOL.INYECTABLE CON 1 AMPOLLETA AMSA', 'AMIKACINA SOLUCION INYECTABLE', 20.49, 19.70, 18.91, 18.91, 74, 'SECO', 'PENDIENTE', '2026-04-05 06:48:16'),
(67, 17506317700433, 'AMIXTERIA 1 MG SOL.INY 1 AMPULA', 'ATROPINA', 9.38, 9.02, 8.65, 8.65, 75, 'SECO', 'PENDIENTE', '2026-04-05 06:48:16'),
(68, 7506317700433, 'AMIXTERIA 1 MG SOL.INY CON 50 AMPULAS', 'ATROPINA', 340.60, 327.50, 314.40, 314.40, 77, 'SECO', 'PENDIENTE', '2026-04-05 06:48:16'),
(69, 7502216804654, 'AMLODIPINO 5 MG CON 10 TABLETAS AVIVIA', 'AMLODIPINO 5.00 MG - 10 TABLETA 5 MG', 6.06, 5.83, 5.59, 5.59, 78, 'SECO', 'PENDIENTE', '2026-04-05 06:48:16'),
(70, 7502216793231, 'AMLODIPINO 5 MG CON 10 TABLETAS ULTRA', 'AMLODIPINO - TABLETA 5 MG C / 10', 7.93, 7.63, 7.32, 7.32, 79, 'SECO', 'PENDIENTE', '2026-04-05 06:48:16'),
(71, 7501349021570, 'AMOXICILINA 500 MG CON 12 CAPSULAS AMSA', 'AMOXICILINA - CAPSULA 500 MG C / 12', 21.05, 20.24, 19.43, 19.43, 80, 'SECO', 'PENDIENTE', '2026-04-05 06:48:16'),
(72, 7501349021594, 'AMPICILINA 500 MG CON 20 TABLETAS AMSA', 'AMPICILINA - TABLETA 500 MG C / 20', 32.84, 31.58, 30.31, 0.00, 82, 'SECO', 'PENDIENTE', '2026-04-05 06:48:16'),
(73, 780083140922, 'AMPIGRIN ADULTO 500-500-100-30-4MG SOL.INY.CON 3 AMPULAS', 'AMPICILINA 500MG, METAMIZOL 500 MG, GUAFENESINA 100 MG, LIDOCAINA 30 MG, CLORFENAMINA  4 MG', 67.99, 67.99, 67.99, 67.99, 3, 'SECO', 'PENDIENTE', '2026-04-05 06:48:16'),
(74, 7506429600096, 'ANIDORET 10 MG/1 ML VINORELBINA  (RF)', 'VINORELBINA', 643.50, 618.75, 554.40, 594.00, 83, 'RED FRIA', 'PENDIENTE', '2026-04-05 06:48:16'),
(75, 7502227871515, 'ANIUP 20 MG CON 28 CAPSULAS', 'FLUOXETINA - 28 CAPSULA 20 MG', 29.25, 28.13, 27.00, 27.00, 6, 'SECO', 'PENDIENTE', '2026-04-05 06:48:16'),
(76, 75017125, 'ANTACSAL 500 MG CON 20 TABLETAS', 'ACIDO ACETILSALICILICO - TABLETA 500 MG C / 20', 11.60, 11.15, 10.70, 10.70, 85, 'SECO', 'PENDIENTE', '2026-04-05 06:48:16'),
(77, 7501626700778, 'ANTIBENZIL NF JABON QUIRURGICO SOLUCION AL 1% FCO. 120 ML.', 'ANTISEPTICO A BASE DE CLORURO DE BENZALCONIO (JABON).', 21.09, 20.28, 19.46, 19.46, 86, 'SECO', 'PENDIENTE', '2026-04-05 06:48:16'),
(78, 7501626700754, 'ANTIBENZIL NF JABON QUIRURGICO SOLUCION AL 1% FCO. C/1 L.', 'ANTISEPTICO A BASE DE CLORURO DE BENZALCONIO (JABON).', 82.03, 78.88, 75.72, 75.72, 87, 'SECO', 'PENDIENTE', '2026-04-05 06:48:16'),
(79, 7501088509773, 'ANTIFLU DES 50/3/300 MG CON 24 CAPSULAS', 'PARACETAMOL 300.00 G AMANTADINA 50.00 MG CLORFENAMINA 3.00 MG - TABLETA ORAL', 155.87, 155.87, 155.87, 155.87, 89, 'SECO', 'PENDIENTE', '2026-04-05 06:48:16'),
(80, 99999999999, 'APLICACION DE ANTICIPO', '', 0.00, 0.00, 0.00, 0.00, 90, 'SECO', 'PENDIENTE', '2026-04-05 06:48:16'),
(81, 7502275701710, 'APOSITOS DE FIJACION 10X12CM TRANSPARENTES CAJA CON 4 PIEZAS', 'APOSITO DE FIJACION.', 91.27, 87.76, 84.25, 86.36, 91, 'SECO', 'PENDIENTE', '2026-04-05 06:48:16'),
(82, 7502275701703, 'APOSITOS DE FIJACION 6X7CM TRANSPARENTES CAJA CON 5 PIEZAS', 'APOSITO DE FIJACION.', 65.39, 62.88, 60.36, 61.87, 92, 'SECO', 'PENDIENTE', '2026-04-05 06:48:16'),
(83, 7501478315540, 'ARBUFENTAB 800 MG CON 10 TABLETAS', 'IBUPROFENO - TABLETA 800 MG C / 10', 21.20, 20.39, 19.57, 19.57, 93, 'SECO', 'PENDIENTE', '2026-04-05 06:48:16'),
(84, 7506442700407, 'ARIPIPRAZOL 15 MG CON 20 TABLETAS CAMBER', 'ARIPIPRAZOL -', 280.03, 225.03, 215.41, 215.41, 94, 'SECO', 'PENDIENTE', '2026-04-05 06:48:16'),
(85, 7501008491966, 'ASPIRINA 500 MG  CON 40 TABLETAS', 'ACIDO ACETILSALICILICO - TABLETA 500 MG C / 40', 51.15, 51.15, 51.15, 51.15, 96, 'SECO', 'PENDIENTE', '2026-04-05 06:48:16'),
(86, 7501318612655, 'ASPIRINA PROTEC 100 MG CON 28 TABLETAS', 'ACIDO ACETILSALICILICO 100.00 MG - LIBERACION RETARDADA', 142.60, 142.60, 142.60, 142.60, 5, 'SECO', 'PENDIENTE', '2026-04-05 06:48:16'),
(87, 7502251891114, 'ATFASIDE 7.5MG/ML ENVASE CON 0.9ML ATOSIBÁN SOL.INY. (RF)', 'ATOSIBAN', 897.00, 828.00, 772.80, 772.80, 11, 'RED FRIA', 'PENDIENTE', '2026-04-05 06:48:16'),
(88, 7502216806511, 'ATOMOXETINA 14 CAP 40 MG - 14 - CAPSULA - 40 MG', 'ATOMOXETINA 40.00 MG - 14 CAPSULA 40 MG', 0.00, 0.00, 0.00, 0.00, 3, 'SECO', 'PENDIENTE', '2026-04-05 06:48:16'),
(89, 7501349024526, 'ATORVASTATINA 20MG CON 10 TABLETAS AMSA', 'ATORVASTATINA', 17.93, 17.24, 16.55, 0.00, 98, 'SECO', 'PENDIENTE', '2026-04-05 06:48:16'),
(90, 7506331302231, 'AUROSUL 0.4 MG CON 30 CAPSULAS', 'TAMSULOSINA', 39.00, 37.50, 36.00, 36.00, 99, 'SECO', 'PENDIENTE', '2026-04-05 06:48:16'),
(91, 7506331302224, 'AUROSUL 0.4 MG L.P. CON 20 TABLETAS', 'TAMSULOSINA', 42.90, 41.25, 39.60, 39.60, 102, 'SECO', 'PENDIENTE', '2026-04-05 06:48:16'),
(92, 7506331300237, 'AUROVIAX 1000 1G/10 ML IV SOL. INY. CON 1 FCO. AMPULA', 'CEFTRIAXONA 1 G - I V', 26.21, 21.06, 20.16, 20.16, 6, 'SECO', 'PENDIENTE', '2026-04-05 06:48:16'),
(93, 7502226290850, 'AVAFONTAN 500 MG CON 10 TABLETAS', 'METAMIZOL SODICO 500 MG', 9.00, 8.65, 8.30, 8.30, 103, 'SECO', 'PENDIENTE', '2026-04-05 06:48:16'),
(94, 7502216930599, 'AVAPENA 20MG/2ML SOL. INY. CON 5 AMPULAS', 'CLOROPIRAMINA - SOLUCION INYECTABLE', 268.40, 260.00, 245.00, 245.00, 105, 'SECO', 'PENDIENTE', '2026-04-05 06:48:16'),
(95, 7502216930414, 'AVAPENA 25 MG CON 20 GRAGEAS', 'CLOROPIRAMINA - TABLETA ORAL', 238.94, 238.94, 238.94, 238.94, 107, 'SECO', 'PENDIENTE', '2026-04-05 06:48:16'),
(96, 5415062119839, 'AZULFIDINA 500M CON 60 TABLETAS', 'SULFAZALASINA', 327.60, 315.00, 302.40, 0.00, 108, 'SECO', 'PENDIENTE', '2026-04-05 06:48:16'),
(97, 7501836000071, 'AZURON 500MG/50MG CON 20 TABLETAS', 'ACIDO NALIDIXICO, FENAZOPIRIDINA - TABLETA 500 - 50 MG C / 20', 74.83, 71.95, 69.07, 69.07, 109, 'SECO', 'PENDIENTE', '2026-04-05 06:48:16'),
(98, 7503000422283, 'BACTIVER F 800MG/160MG CON 14 TABLETAS', 'SULFAMETOXAZOL, TRIMETOPRIMA - TABLETA 800 - 160 MG C / 14', 23.50, 22.60, 21.70, 21.70, 112, 'SECO', 'PENDIENTE', '2026-04-05 06:48:16'),
(99, 7506442701053, 'BADIX 100 MG/ 5 ML 1 FRASCO AMPULA IRINOTECAN', 'IRINOTECAN', 842.40, 810.00, 777.60, 797.04, 114, 'SECO', 'PENDIENTE', '2026-04-05 06:48:16'),
(100, 7506442703989, 'BAGAVANT 600 MG CON 60 TABLETAS DARUNAVIR', 'DARUNAVIR', 2.00, 2.00, 2.00, 2.00, 116, 'SECO', 'PENDIENTE', '2026-04-05 06:48:16'),
(101, 7501825305187, 'BARDIGAS 1-8 MG SUSPENSION CON 250 ML', 'DIMETICONA, MAGALDRATO', 44.32, 42.61, 40.91, 40.91, 117, 'SECO', 'PENDIENTE', '2026-04-05 06:48:16'),
(102, 7502001166066, 'BARMICIL COMPUESTO 50MG/1/0.1 G CREMA TUBO 40 G', 'BETAMETASONA, CLOTRIMAZOL, GENTAMICINA - CREMA C / 40 G', 25.86, 24.86, 23.87, 23.87, 118, 'SECO', 'PENDIENTE', '2026-04-05 06:48:16'),
(103, 4719003669041, 'BASCULA ELECTRONICA DE PESO (MICROLIFE) MOD. WS 50.', 'BASCULA DIGITAL ENCENDIDO INSTANTANEO, PESO EXACTO HASTA 150 KG. DIMENSIONES 30x30x3 CM', 482.51, 463.95, 445.39, 445.39, 119, 'SECO', 'PENDIENTE', '2026-04-05 06:48:16'),
(104, 7503048717129, 'BATA DESECHABLE PARA PACIENTE AZUL NO ESTERI CON 10 PZAS', 'BATA PARA PACIENTE', 81.86, 78.71, 75.56, 75.56, 120, 'SECO', 'PENDIENTE', '2026-04-05 06:48:16'),
(105, 7502209810051, 'BATERAL 400/80 MG FRASCO CON 20 TABLETAS', 'TRIMETOPRIMA+SULFAMETOXAZOL  80/400MG. (TABS. ORALES)', 16.54, 15.90, 15.26, 15.26, 122, 'SECO', 'PENDIENTE', '2026-04-05 06:48:16'),
(106, 7506429600850, 'BEMONCAZ 3.5 MG FRASCO AMPULA BORTEZOMIB', 'BORTEZOMIB', 2.00, 1.00, 1.00, 1.00, 123, 'SECO', 'PENDIENTE', '2026-04-05 06:48:16'),
(107, 7501075710465, 'BENCIEFEDRIL 1 SOL 0.2/2G/120 ML - 120 ML - SOLUCION - 10 MG', 'GUAIFENESINA 2.00 G DEXTROMETORFANO 200.00 G - ADULTO', 0.00, 0.00, 0.00, 0.00, 124, 'SECO', 'PENDIENTE', '2026-04-05 06:48:16'),
(108, 7501349025288, 'BENZATINA BENCILPENICILINA 1´200,000 AMPULA DE 5 ML AMSA', 'BENZATINA,BENCILPENICILINA - INYECTABLE 1200 000 C / 1', 25.26, 24.29, 23.32, 23.32, 125, 'SECO', 'PENDIENTE', '2026-04-05 06:48:16'),
(109, 7501008427347, 'BEPANTHEN POMADA PROTECTORA 5% TUBO C/ 30 G. - 30 G - POMADA', 'DEXPANTENOL - POMADA PROTECTORA', 0.00, 0.00, 0.00, 0.00, 3, 'SECO', 'PENDIENTE', '2026-04-05 06:48:16'),
(110, 7506331303511, 'BINFETAX 20 MG CON 14 TABLETAS', 'TAMOXIFENO', 104.00, 100.00, 96.00, 96.00, 126, 'SECO', 'PENDIENTE', '2026-04-05 06:48:16'),
(111, 2001106, 'BIO DRUG 5 PARAMETROS EN CASETTE CAJA CON 10', 'COCAINA, MARIHUANA, ANFETAMINA, OPIACEOS Y METANFETAMINA', 546.00, 525.00, 504.00, 504.00, 128, 'SECO', 'PENDIENTE', '2026-04-05 06:48:16'),
(112, 650240007651, 'BIO ELECTRO 250/250/65 MG CON 24 TABLETAS', 'ACIDO ACETILSALICILICO 250.00 MG CAFEINA 65.00 MG PARACETAMOL 250.00 MG - 24 TABLETA 250 / 250 / 65 MG', 92.57, 82.65, 79.34, 79.34, 129, 'SECO', 'PENDIENTE', '2026-04-05 06:48:16'),
(113, 7501563381801, 'BIODID 850 MG CON 30 TABLETAS', 'METFORMINA - TABLETA 850 MG C / 30', 16.90, 15.60, 14.56, 14.56, 3, 'SECO', 'PENDIENTE', '2026-04-05 06:48:16'),
(114, 7501563380613, 'BIOFERINA 100 MG FRASCO CON 20 TABLETAS', 'FENAZOPIRIDINA', 20.80, 20.00, 19.20, 19.20, 131, 'SECO', 'PENDIENTE', '2026-04-05 06:48:16'),
(115, 7501563310573, 'BIOFLUSIN 500/25/5/4 MG CAJA CON 10 TABLETAS', 'PARACETAMOL , CAFEINA , FENILEFRINA , CLORFENAMINA - CLORFENAMINA COMPUESTA', 11.53, 11.09, 10.64, 10.64, 133, 'SECO', 'PENDIENTE', '2026-04-05 06:48:16'),
(116, 7501563370980, 'BIOLEPT 500 MG CAJA CON 60 TABLETAS', 'VIGABATRINA', 1.00, 1.00, 1.00, 0.00, 14, 'SECO', 'PENDIENTE', '2026-04-05 06:48:16'),
(117, 7501573900115, 'BIOMESINA COMPUESTA 250MG/10 MG CON 10 TABLETAS', 'METAMIZOL, BUTILHIOSCINA - TABLETA 250 - 10 MG C / 10', 33.18, 31.90, 30.62, 30.62, 135, 'SECO', 'PENDIENTE', '2026-04-05 06:48:16'),
(118, 7501563370614, 'BIOMITIN 25 MG CON 30 TABLETAS', 'DIFENIDOL 25 MG - TABLETA ORAL', 13.06, 11.66, 11.20, 11.20, 137, 'SECO', 'PENDIENTE', '2026-04-05 06:48:16'),
(119, 7501563370690, 'BIONOL C/20 TABS. 300 MG. - 20 - TABLETA - 300 MG', 'ALOPURINOL - 300 MG TABLETA 20', 28.25, 27.16, 26.08, 26.08, 141, 'SECO', 'PENDIENTE', '2026-04-05 06:48:16'),
(120, 7501573904212, 'BIOSTAFEX 180 MG CON 10 TABLETAS', 'FEXOFENADINA 180.00 MG - 10 TABLETA 180 MG', 55.46, 53.33, 51.19, 51.19, 142, 'SECO', 'PENDIENTE', '2026-04-05 06:48:16'),
(121, 7501563381818, 'BIOTERO 400 MG CON 30 TABLETAS PENTOXIFILINA', 'PENTOXIFILINA', 54.60, 50.40, 47.04, 47.04, 143, 'SECO', 'PENDIENTE', '2026-04-05 06:48:16'),
(122, 7501563381825, 'BIOTRADE 50 MG CON 14 TABLETAS', 'SERTRALINA', 15.82, 14.60, 13.63, 13.63, 145, 'SECO', 'PENDIENTE', '2026-04-05 06:48:16'),
(123, 7501563381474, 'BIOTRIL 500 MG CON 20 TABLETAS', 'ERITROMICINA 500 MG - TABLETA ORAL', 53.48, 51.43, 49.37, 49.37, 146, 'SECO', 'PENDIENTE', '2026-04-05 06:48:16'),
(124, 7501563380118, 'BIOTRIVIN 100/5/0.05 MG. CON 30 TABLETAS', 'COMPLEJO B [TIAMINA, PIRIDOXINA, CIANOCOBALAMINA] TABLETA - TABLETA 30', 18.50, 17.79, 17.08, 17.08, 147, 'SECO', 'PENDIENTE', '2026-04-05 06:48:16'),
(125, 7506442701930, 'BISIPROX 150 MG CON 30 TABLETAS', 'ERLOTINIB', 3.00, 3.00, 3.00, 3.00, 149, 'SECO', 'PENDIENTE', '2026-04-05 06:48:16'),
(126, 7500463184598, 'BIZMI 3.5 MG FRASCO AMPULA BORTEZOMIB', 'BORTEZOMIB', 1.00, 1.00, 1.00, 1.00, 150, 'SECO', 'PENDIENTE', '2026-04-05 06:48:16'),
(127, 7506453900728, 'BIZULUP 6MG/0.6 ML CON 1 JGA PRELLENADA PEGFILGRASTIM (RF)', 'PEGFILGRASTIM', 10.00, 9.00, 9.00, 9.00, 151, 'RED FRIA', 'PENDIENTE', '2026-04-05 06:48:16'),
(128, 7501033952869, 'BLOPRESS PLUS 16MG/12.5MG CON 28 TABLETAS', 'TABLETA 16 MG / 12.5 MG C / 28 - ABBOT LABORATORORIES DE MEXICO S A DE C V', 444.81, 427.70, 410.59, 410.59, 152, 'SECO', 'PENDIENTE', '2026-04-05 06:48:16'),
(129, 110665973020256, 'BLUE METAL DETECTABLE NUDILLOS FLEXIBLE FABRIC', 'CURITAS CON METAL DETECTABLE', 246.40, 237.60, 228.80, 228.80, 153, 'SECO', 'PENDIENTE', '2026-04-05 06:48:16'),
(130, 110665973020294, 'BLUE METAL DETECTABLE VENDITAS CON 100', 'VENDITAS DETECTABLES METAL 2.5 x 7.6 CM', 187.98, 181.26, 174.55, 174.55, 155, 'SECO', 'PENDIENTE', '2026-04-05 06:48:17'),
(131, 7501478316226, 'BOCETIX 5 MG CON 10 TABLETAS', 'LEVOCETIRIZINA - TABLETA ORAL', 47.53, 45.70, 43.87, 43.87, 5, 'SECO', 'PENDIENTE', '2026-04-05 06:48:17'),
(132, 0, 'BOLSA BOTIQUIN PRIMEROS AUXILIOS (VACIA)', 'BOLSA ROJA 25 x 20 x 8 cm', 0.00, 0.00, 0.00, 0.00, 5, 'SECO', 'PENDIENTE', '2026-04-05 06:48:17'),
(133, 4505005, 'BOLSA ROJA PARA RPBI 50 x 60 CON 5 PIEZAS', 'BOLSA ROJA PARA RESIDUOS PELIGROSOS BIOLOGICO-INFECCIOSOS', 35.96, 34.58, 33.19, 33.19, 1, 'SECO', 'PENDIENTE', '2026-04-05 06:48:17'),
(134, 7501287678034, 'BONADOXINA CON 25 TABLETAS', 'MECLiZINA / PIRIDOXINA', 169.70, 169.70, 169.70, 169.70, 156, 'SECO', 'PENDIENTE', '2026-04-05 06:48:17'),
(135, 759684351266, 'BOTIQUIN JALOMA PRIM AUX CONT ESENCIAL CON 13 PIEZAS', '1 ALCOHOL 60ML+1 AGUA OXIGENADA 112ML+1 MERTODOL BLANCO 40ML+1 ALGODÓN 3G+1 VENDA ELÁSTICA 5X5CM+2 GASAS 7.5X5CM+4 VENDITAS ADHESIVAS+1 CINTA DE TELA ADHESIVA SEDOSA 1.25X100CM+1 ÁRNICA GEL 60ML.', 65.83, 63.30, 60.77, 49.57, 157, 'SECO', 'PENDIENTE', '2026-04-05 06:48:17'),
(136, 807191, 'BOTIQUIN PRIMEROS AUXILIOS METALICO DE PARED CHICO', 'BOTIQUIN METALICO 24 x 17 x 7', 357.24, 318.96, 306.20, 306.20, 158, 'SECO', 'PENDIENTE', '2026-04-05 06:48:17'),
(137, 807192, 'BOTIQUIN PRIMEROS AUXILIOS METALICO DE PARED MEDIANO', 'MEDIDAS 31 x 22 x  8', 275.74, 265.14, 254.53, 254.53, 159, 'SECO', 'PENDIENTE', '2026-04-05 06:48:17'),
(138, 7502211789918, 'BROMURO DE PINAVERIO 100 MG CON 14 TABLETAS', 'BROMURO DE PINAVERIO', 21.49, 20.66, 19.84, 19.84, 160, 'SECO', 'PENDIENTE', '2026-04-05 06:48:17'),
(139, 7501573907992, 'BROXTORFAN JARABE ADULTO 225MG-225MG/100ML FRASCO CON 120 ML', 'AMBROXOL 225.00 MG DEXTROMETORFANO 225.00 MG - SOLUCION ADULTO', 22.97, 22.09, 21.20, 21.20, 162, 'RED FRIA', 'PENDIENTE', '2026-04-05 06:48:17'),
(140, 821998000601, 'BUTILHIOSCINA 10 MG CON 10 TABLETAS SCHOEN', 'BUTILHIOSCINA', 10.52, 10.11, 9.71, 9.71, 163, 'SECO', 'PENDIENTE', '2026-04-05 06:48:17'),
(141, 7501008433676, 'CAFIASPIRINA 500-30MG CON 40 TABLETAS', 'ACIDO ACETILSALICILICO, CAFEINA - TABLETA 500 - 30 MG C / 40', 59.50, 59.50, 59.50, 59.50, 165, 'SECO', 'PENDIENTE', '2026-04-05 06:48:17'),
(142, 7501008433553, 'CAFIASPIRINA FORTE C/24 TABS. 650/65 MG. - 24 - TABLETA -', 'ACIDO ACETILSALICILICO , CAFEINA - TABLETA ORAL', 73.52, 73.52, 73.52, 73.52, 166, 'SECO', 'PENDIENTE', '2026-04-05 06:48:17'),
(143, 10376, 'CAMPO DESECHABLE ESTERIL 70 x 70 AZUL BOLSA CON 10 PZAS', 'CAMPO DESECHABLE ESTERIL 70 x 70 AZUL', 111.52, 104.55, 97.58, 97.58, 167, 'SECO', 'PENDIENTE', '2026-04-05 06:48:17'),
(144, 7506022308245, 'CANULA NASAL ADULTO PARA OXIGENO CON 1 PIEZA', 'PVC GRADO MEDICO - 180 CM X 2 MM C / 1', 18.32, 17.61, 16.91, 16.91, 14, 'SECO', 'PENDIENTE', '2026-04-05 06:48:17'),
(145, 7502234760352, 'CAPSIFLU TOTAL 250/10/2/5 MG CON 12 CAPSULAS', 'DEXTROMETORFANO 10.00 MG FENILEFRINA 5.00 MG PARACETAMOL 250.00 MG - 12 CAPSULA 250 / 10 / 2 / 5 MG', 46.07, 44.30, 42.53, 42.53, 169, 'SECO', 'PENDIENTE', '2026-04-05 06:48:17'),
(146, 7501836000118, 'CARBAFEN 400MG/350 MG CON 30 TABLETAS', 'METOCARBAMOL, PARACETAMOL - TABLETA 400 - 350 MG C / 30', 48.70, 46.83, 44.95, 44.95, 170, 'SECO', 'PENDIENTE', '2026-04-05 06:48:17'),
(147, 7501122961413, 'CARBOTURAL 250 MG CAJA CON 60 TALETAS', 'CARBON ACTIVADO 250.00 MG - TABLETA ORAL', 334.04, 321.19, 308.34, 308.34, 173, 'SECO', 'PENDIENTE', '2026-04-05 06:48:17'),
(148, 7502003381610, 'CARISOPRODOL DICLOFENACO 200-50 MG CON 20 TABLETAS', 'CARISOPRODOL, DICLOFENACO - TABLETA 200 - 50 MG C / 20', 87.54, 84.18, 80.81, 80.81, 174, 'SECO', 'PENDIENTE', '2026-04-05 06:48:17'),
(149, 7501128127370, 'CATETER I.V. RADIOPACO (DLP) 18GX30MM COLOR VERDE C/1 PZA.', 'CATETER INTRAVENOSO CALIBRE 18 [COLOR VERDE]', 7.09, 6.81, 6.54, 6.54, 175, 'SECO', 'PENDIENTE', '2026-04-05 06:48:17'),
(150, 7501128127394, 'CATETER I.V. RADIOPACO (DLP) 22GX25MM COLOR AZUL C/1 PZA.', 'CATETER INTRAVENOSO', 7.09, 6.81, 6.54, 0.00, 176, 'SECO', 'PENDIENTE', '2026-04-05 06:48:17'),
(151, 7506022316493, 'CATETER INTRAVENOSO 24G AMARILLO CON 1 PIEZA', 'CATETER 1.00 PIEZA - 1 PIEZA 24 G / 19 MM', 10.32, 9.93, 9.53, 0.00, 177, 'SECO', 'PENDIENTE', '2026-04-05 06:48:17'),
(152, 7501566844624, 'CATGUT CROMICO CAL. 3-0/AGUJA B-5 SOB. CON 1 PIEZA', 'SUTURA CATGUT CROMICO CALIBRE 3-0', 42.12, 40.50, 38.88, 38.88, 178, 'SECO', 'PENDIENTE', '2026-04-05 06:48:17'),
(153, 7506331300459, 'CAURODOL 5 MG CON 30 TABLETAS', 'BISOPROLOL 5.0 MG -', 97.50, 90.00, 85.50, 85.50, 179, 'SECO', 'PENDIENTE', '2026-04-05 06:48:17'),
(154, 7506335703379, 'CAVEP 100MG/5 ML CAJA CON 10 FRASCOS AMPULA', 'ETOPOSIDOS', 1.00, 1.00, 1.00, 1.00, 12, 'SECO', 'PENDIENTE', '2026-04-05 06:48:17'),
(155, 7506335700767, 'CAVEP 100MG/5ML SOLUCION INYECTABLE CON  1 FRASCO AMPULA', 'ETOPOSIDO - 100 MG / 5 ML / 1 FRASCO AMPULA', 162.50, 156.25, 150.00, 150.00, 181, 'SECO', 'PENDIENTE', '2026-04-05 06:48:17'),
(156, 7502009740480, 'CEFALVER 500 MG CON 20 CAPSULAS', 'CEFALEXINA', 40.27, 38.73, 37.18, 0.00, 2, 'SECO', 'PENDIENTE', '2026-04-05 06:48:17'),
(157, 7501349021471, 'CEFTRIAXONA 500MG/2ML SOLUCION INYECTABLE  I.M.', 'CEFTRIAXONA 500.00 MG - I M', 22.98, 22.10, 21.21, 21.21, 184, 'SECO', 'PENDIENTE', '2026-04-05 06:48:17'),
(158, 7506442703835, 'CELECOXIB 200 MG CON 10 TABLETAS CAMBER', 'CELECOXIB', 31.21, 29.38, 25.00, 25.00, 185, 'SECO', 'PENDIENTE', '2026-04-05 06:48:17'),
(159, 7502009746178, 'CELECOXIB 200MG CON 30 CAPSULAS', 'CELECOXIB', 98.96, 95.15, 91.34, 91.34, 187, 'SECO', 'PENDIENTE', '2026-04-05 06:48:17'),
(160, 7502216805385, 'CELECOXIB 30 CAPS 200MG - 30 - CAPSULA - 200 MG', 'CELECOXIB 200.00 MG - 30 CAPSULA 200 MG', 113.18, 108.83, 104.47, 104.47, 6, 'SECO', 'PENDIENTE', '2026-04-05 06:48:17'),
(161, 7501537102982, 'CELESBITAN 8MG/2 ML CON 1 AMPULA Y 1 JERINGA', 'BETAMETASONA 8 MG', 19.29, 18.55, 17.80, 17.80, 188, 'SECO', 'PENDIENTE', '2026-04-05 06:48:17'),
(162, 7502240450018, 'CHARYN 500 MG OON 3 TABLETAS', 'AZITROMICINA', 23.30, 22.40, 21.50, 21.50, 192, 'SECO', 'PENDIENTE', '2026-04-05 06:48:17'),
(163, 7502009749179, 'CICLOBENZAPRINA/CLONIXINATO DE LISINA 5/125MG CON 20 TABLETA', 'CLONIXINATO DE LISINA+CICLOBENZAPRINA 125/5MG.', 127.04, 122.15, 117.26, 117.26, 12, 'SECO', 'PENDIENTE', '2026-04-05 06:48:17'),
(164, 7502213040871, 'CIFHIR GEL AL 5 % TUBO CON 60 G', 'BENCIDAMINA 5.00 % - CREMA DERMICA', 54.90, 52.79, 50.68, 50.68, 194, 'SECO', 'PENDIENTE', '2026-04-05 06:48:17'),
(165, 7502208892355, 'CILOCID 5 MG CON 20 TABLETAS', 'ACIDO FOLICO', 8.46, 8.14, 7.81, 7.81, 195, 'SECO', 'PENDIENTE', '2026-04-05 06:48:17'),
(166, 7506442702272, 'CINACALCET 30 MG CON 30 TABLETAS CAMBER', 'CINACALCET', 2.00, 1.00, 1.00, 1.00, 1, 'SECO', 'PENDIENTE', '2026-04-05 06:48:17'),
(167, 7501836002969, 'CINEPRAC 200 MG CON 20 TABLETAS', 'TRIMEBUTINA - TABLETA 200 MG C / 20', 47.97, 46.13, 44.28, 44.28, 196, 'SECO', 'PENDIENTE', '2026-04-05 06:48:17'),
(168, 12145, 'CINTA METRICA RETRACTIL CUERPO 150 CM', 'CINTA METRICA CORPORAL', 47.29, 45.47, 43.65, 43.65, 198, 'SECO', 'PENDIENTE', '2026-04-05 06:48:17'),
(169, 70200412263, 'CINTA MICROPORE 3M 7.5 x 9.1 MT CAJA CON 4 PIEZAS', 'CINTA MICROPOROSA 7.5 CAJA CON 4 PZAS', 161.21, 155.01, 148.81, 148.81, 2, 'SECO', 'PENDIENTE', '2026-04-05 06:48:17'),
(170, 70200534694, 'CINTA MICROPORE BLANCA 3M 2.5 CMS. CON 12 ROLLOS', 'CINTA MICROPOROSA', 161.21, 155.01, 148.81, 148.81, 3, 'SECO', 'PENDIENTE', '2026-04-05 06:48:17'),
(171, 70200534702, 'CINTA MICROPORE BLANCA 3M 5 CMS. CON 6 ROLLOS', 'CINTA MICROPOROSA', 161.21, 155.01, 148.81, 148.81, 199, 'SECO', 'PENDIENTE', '2026-04-05 06:48:17'),
(172, 7502275701000, 'CINTA MICROPOROSA (ALFA MEDICAL) ROLLO COL. BLANCO A: 7.5CM;', 'CINTA MICROPOROSA : 7.5CM; L: 5M. CJA. C/1 PZA', 48.00, 46.15, 44.30, 0.00, 200, 'SECO', 'PENDIENTE', '2026-04-05 06:48:17'),
(173, 7506484500812, 'CINTA MICROPOROSA COL.PIEL 5CM x10M CAJA CON 6  (CODIFARMA)', 'CINTA ADHESIVA MICROPOROSA DE PAPEL 5.00X10 (COLOR PIEL).', 111.15, 106.88, 102.60, 102.60, 201, 'SECO', 'PENDIENTE', '2026-04-05 06:48:17'),
(174, 70200739582, 'CINTA TRANSPORE 2.5 X 9.14 CAJA CON 12 ROLLOS', 'CINTA DE PLASTICO MICRO PERFORADA', 227.99, 219.23, 210.46, 210.46, 5, 'SECO', 'PENDIENTE', '2026-04-05 06:48:17'),
(175, 70200739590, 'CINTA TRANSPORE 3M 5 x 9.1 CAJA CON 6 PZAS', 'CINTA PLASTICA MICROPERFORADA', 227.99, 219.23, 210.46, 210.46, 202, 'SECO', 'PENDIENTE', '2026-04-05 06:48:17'),
(176, 7506484500577, 'CINTASEDA ROLLO 1.25CM X 5M. BOLSA CON 1 PIEZA', 'TELA ADHESIVA IMPERMEABLE E HIPOALERGENICA BLANCA', 11.92, 11.46, 11.00, 11.00, 203, 'SECO', 'PENDIENTE', '2026-04-05 06:48:17'),
(177, 7506484500584, 'CINTASEDA ROLLO A: 2.5CM x 5M. PAQ. C/1 PZA.', 'TELA ADHESIVA IMPERMEABLE E HIPOALERGENICA BLANCA', 24.32, 23.39, 22.45, 22.45, 204, 'SECO', 'PENDIENTE', '2026-04-05 06:48:17'),
(178, 656599041216, 'CITRA 50 MG CON 10 TABLETAS', 'TRAMADOL TABLETA', 23.63, 22.73, 21.82, 21.82, 206, 'SECO', 'PENDIENTE', '2026-04-05 06:48:17'),
(179, 7501349021860, 'CLINDAMICINA 600MG/4ML SOLUCION INYECTABLE CON 1 AMP.AMSA', 'CLINDAMICINA - INYECTABLE 600 MG / 4 ML C / 1', 21.05, 20.24, 19.43, 19.43, 207, 'SECO', 'PENDIENTE', '2026-04-05 06:48:17'),
(180, 7501349020122, 'CLONIXINATO DE LISINA 100MG/2ML SOL.INY. CON 5 AMPULAS', 'CLONIXINATO DE LISINA - INYECTABLE 100 MG / 2 ML C / 5', 31.40, 30.19, 28.98, 29.70, 208, 'SECO', 'PENDIENTE', '2026-04-05 06:48:17'),
(181, 7502222840349, 'CLORANFENICOL (ALVARTIS) SOL. OFT. 0.5% FCO. GOTERO 15 ML.', 'CLORANFENICOL - SOLUCION OFTALMICA', 24.40, 23.40, 22.40, 22.40, 209, 'SECO', 'PENDIENTE', '2026-04-05 06:48:17'),
(182, 821998000250, 'CLOROPIRAMINA 25 MG CON 20 TABLETAS', 'CLOROPIRAMINA - TABLETA 25 MG C / 20', 45.10, 43.36, 41.63, 41.63, 212, 'SECO', 'PENDIENTE', '2026-04-05 06:48:17'),
(183, 7501088515200, 'CLORURO DE ETILO TRAUMAZOL 1 SPRAY 175ML - 175 ML - SPRAY -', 'CLORURO DE ETILO 175.00 ML - 1 SPRAY 175 ML', 453.46, 437.95, 426.33, 426.33, 213, 'SECO', 'PENDIENTE', '2026-04-05 06:48:17'),
(184, 7501052712185, 'CLORUROSODICA ALPHA AL. 0.9% FRASCO CON 1000 ML', 'CLORURO DE SODIO AL 0.9%', 37.18, 35.75, 34.32, 34.32, 214, 'SECO', 'PENDIENTE', '2026-04-05 06:48:17'),
(185, 7501052712376, 'CLORUROSODICA ALPHA SOL. INY. 0.9% FCO. 100 ML.', 'CLORURO DE SODIO AL 0.9%', 15.34, 13.25, 12.72, 12.72, 219, 'SECO', 'PENDIENTE', '2026-04-05 06:48:17'),
(186, 7501052712161, 'CLORUROSODICA ALPHA SOL. INY. 0.9% FCO. 250 ML.', 'CLORURO DE SODIO AL 0.9%', 18.20, 17.50, 16.80, 16.80, 221, 'SECO', 'PENDIENTE', '2026-04-05 06:48:17'),
(187, 7501052712178, 'CLORUROSODICA ALPHA SOL. INY. 0.9% FCO. 500 ML.', 'CLORURO DE SODIO - SOLUCION INYECTABLE', 27.61, 26.55, 25.49, 25.49, 224, 'SECO', 'PENDIENTE', '2026-04-05 06:48:17'),
(188, 7501573900337, 'CLOXAN 30 MG CON 20 COMPRIMIDOS', 'AMBROXOL - COMPRIMIDO 30 MG C / 20', 9.88, 9.50, 9.12, 9.12, 226, 'SECO', 'PENDIENTE', '2026-04-05 06:48:17'),
(189, 729513132243, 'CODERA ELASTICA DE ALGODON UNITALLA CAJA CON 1 PIEZA.', 'CODERA DE ALGODON -', 115.52, 111.08, 106.63, 106.63, 228, 'SECO', 'PENDIENTE', '2026-04-05 06:48:17'),
(190, 7502001037281, 'COFEDEX 100 MG/2 ML SOL. INY. CON 3 AMPOLLETAS', 'HIERRO DEXTRAN', 64.22, 61.75, 59.28, 0.00, 229, 'SECO', 'PENDIENTE', '2026-04-05 06:48:17'),
(191, 7501109762446, 'COLCHIQUIM 1 MG CON 20 TABLETAS', 'COLCHICINA - TABLETA 1 MG C / 20', 24.91, 23.95, 22.99, 22.99, 230, 'SECO', 'PENDIENTE', '2026-04-05 06:48:17'),
(192, 7506442702579, 'COLISTIMETATO SOL INY 150 MG', 'COLISTIMETATO', 1.00, 1.00, 739.70, 739.70, 231, 'SECO', 'PENDIENTE', '2026-04-05 06:48:17'),
(193, 7506372603021, 'COLLARÍN CERVICAL BLANDO MEDIANO BLANCO', 'COLLARIN CERVICAL BLANDO MEDIANO', 46.54, 44.75, 42.96, 42.96, 4, 'SECO', 'PENDIENTE', '2026-04-05 06:48:17'),
(194, 7502276683886, 'COLLARIN S-CONFOR PHILADELPIA  MEDIANA', 'COLLARIN PHILADELPHIA PRIM.AUX', 273.09, 218.83, 210.07, 210.07, 3, 'SECO', 'PENDIENTE', '2026-04-05 06:48:17'),
(195, 780083144302, 'COLLIFRIN ADULTO NASAL 0.05% CON 20 ML', 'OXIMETAZOLINA - SOLUCION 50 MG C / 20 ML', 38.03, 36.56, 35.10, 35.10, 234, 'SECO', 'PENDIENTE', '2026-04-05 06:48:17'),
(196, 7501037905588, 'COMBIVENT RESPIMAT 1.68-8.77/ML CON 120 DOSIS 4.5 ML', 'BROMURO DE IPRATROPIO 1.68 MG SALBUTAMOL 8.77 MG - 1 PIEZA 1.68 / 8.77 MG', 1.00, 1.00, 1.00, 1.00, 235, 'SECO', 'PENDIENTE', '2026-04-05 06:48:17'),
(197, 7505697311130, 'COMPRESA INSTANTANEA CALIENTE UN SOLO USO', 'COMPRESA CALIENTE DE PRACTICO USO ACTIVACION CON PRESION', 50.28, 41.65, 38.68, 38.68, 236, 'SECO', 'PENDIENTE', '2026-04-05 06:48:17'),
(198, 7505697311147, 'COMPRESA INSTANTANEA FRIO UN SOLO USO', 'COMPRESA FRIA  DE PRACTICO USO ACTIVACION CON PRESION', 50.28, 41.65, 38.68, 38.68, 238, 'SECO', 'PENDIENTE', '2026-04-05 06:48:17'),
(199, 7501493868915, 'COMVUFEN 250MG/5ML SOL.INYECTABLE CON 1 AMPOLLETA', 'FENITOINA SODICA - INYECTABLE 250 MG / 5 ML C / 1', 18.75, 18.03, 17.30, 17.30, 240, 'SECO', 'PENDIENTE', '2026-04-05 06:48:17'),
(200, 793888545007, 'CONTENEDOR DESECHABLE R.P.P.B.I. (PLASTIC WORLD) CAP. 2.7 LT', 'CONTENEDOR DE PUNZOCORTANTES -', 56.92, 45.61, 43.79, 43.79, 241, 'SECO', 'PENDIENTE', '2026-04-05 06:48:17'),
(201, 7501836003140, 'CONTRAXEN 200/250 MG CON 30 CAPSULAS', 'NAPROXENO , CARISOPRODOL -', 90.65, 87.16, 83.68, 83.68, 243, 'SECO', 'PENDIENTE', '2026-04-05 06:48:17'),
(202, 7501258214629, 'CORDIALIBREL - 30 - CAPSULA - 160 MG', 'FENOFIBRATO - CAPSULA 160 MG C / 30', 0.00, 0.00, 0.00, 0.00, 12, 'SECO', 'PENDIENTE', '2026-04-05 06:48:17'),
(203, 7506331301388, 'CRABUDOL 6.25 CON 14 TABLETAS', 'CARVEDILOL 6.25', 81.74, 78.39, 75.04, 75.04, 14, 'SECO', 'PENDIENTE', '2026-04-05 06:48:17'),
(204, 7502224242431, 'CUBREBOCAS AMBIDERM COLOR AZUL CAJA CON 50', 'CUBREBOCAS QUIRURGICO TRICAPA TERMOSELLADO ADULTO', 98.36, 94.58, 90.79, 90.79, 244, 'SECO', 'PENDIENTE', '2026-04-05 06:48:17'),
(205, 7502224243841, 'CUBREBOCAS AMBIDERM COLORES SURTIDOS CAJA CON 50', 'CUBREBOCAS DESECHABLE ADULTO AMBIDERM, TRICAPA TERMOSELLADO', 53.09, 50.54, 48.52, 48.52, 12, 'SECO', 'PENDIENTE', '2026-04-05 06:48:17'),
(206, 386001, 'CUBREBOCAS TIPO KN95 BOLSA CON 10 PZS.', 'CUBREBOCAS FORMA DE COPA KN95 ADULTO -', 195.00, 187.50, 180.00, 180.00, 246, 'SECO', 'PENDIENTE', '2026-04-05 06:48:17'),
(207, 7506486800088, 'CURE BEND COOL VENDITAS CJA CON 100 PIEZAS', 'VENDITAS ADHESIVAS -', 20.11, 16.11, 15.47, 15.47, 247, 'SECO', 'PENDIENTE', '2026-04-05 06:48:17'),
(208, 7503049078489, 'DALABUL 100MG CON 30 TABLETAS L.R.', 'ACIDO ACETILSALICILICO', 16.37, 15.74, 15.11, 15.11, 249, 'SECO', 'PENDIENTE', '2026-04-05 06:48:17'),
(209, 7502256040517, 'DANKIAL-B 0.250MG/2ML CON 5 AMP.SUSPENSION PARA NEBULIZAR', 'BUDESONIDA 0.125 MG / 1 ML SUSPENSION P / NEBULIZACION - 0.250 MG / 2 ML', 114.71, 110.30, 105.89, 0.00, 251, 'SECO', 'PENDIENTE', '2026-04-05 06:48:17'),
(210, 7502256040524, 'DANKIAL-B 0.500MG/2ML CON 5 AMP.SUSPENSION PARA NEBULIZAR', 'BUDESONIDA - SUSPENSION 0.500 MG C / 5 ( P / NEBULIZAR )', 130.00, 125.00, 120.00, 0.00, 252, 'SECO', 'PENDIENTE', '2026-04-05 06:48:17'),
(211, 7502256040043, 'DANKISTOL SOL. INY. IV MCG/1 ML CON 1 AMPULA (RF)', 'CARBETOCINA -', 302.83, 291.18, 279.54, 293.52, 253, 'RED FRIA', 'PENDIENTE', '2026-04-05 06:48:17'),
(212, 7506442705273, 'DAPAGLIFLOZINA 10 MG CON 28 TABLETAS CAMBER', 'DAPAGLIFLOZINA', 305.73, 293.98, 293.98, 293.98, 254, 'SECO', 'PENDIENTE', '2026-04-05 06:48:17'),
(213, 7506313800205, 'DAVLEEN 200/150 MG CON 2 TABLETAS', 'ALBENDAZOL/QUINFAMIDA 200/150', 20.80, 19.20, 17.92, 17.92, 7, 'SECO', 'PENDIENTE', '2026-04-05 06:48:17'),
(214, 7501075711011, 'DEBISOR 10 MG CON 20 TABLETAS', 'ISOSORBIDA - TABLETA 10 MG C / 20', 11.08, 10.65, 10.22, 10.22, 255, 'SECO', 'PENDIENTE', '2026-04-05 06:48:17'),
(215, 7501075711035, 'DEBISOR 5 MG CON 20 TABLETAS', 'ISOSORBIDA - TABLETA 5 MG C / 20', 52.40, 50.39, 48.37, 48.37, 257, 'SECO', 'PENDIENTE', '2026-04-05 06:48:17'),
(216, 7501125177576, 'DECOREX 6 MG  CON 10 TABLETAS', 'DEXAMETASONA 6 MG - TABLETA ORAL', 134.74, 134.74, 134.74, 134.74, 2, 'SECO', 'PENDIENTE', '2026-04-05 06:48:17'),
(217, 703158262466, 'DEFAVEN 150 MG/3 ML. SOL. INY. CON 6 AMPULAS', 'AMIODARONA - SOLUCION INYECTABLE', 211.12, 156.00, 145.60, 145.60, 258, 'SECO', 'PENDIENTE', '2026-04-05 06:48:17'),
(218, 7502227876459, 'DELADEX 100 MG CON 3 COMPRIMIDOS', 'LEFLUNOMIDA 100 MG -', 411.70, 370.53, 354.69, 354.69, 2, 'SECO', 'PENDIENTE', '2026-04-05 06:48:17'),
(219, 7501048330102, 'DERMO-QRIT SOLUCION DESINFECTANTE AL 12% 500 ML. - 500 ML -', 'CLORURO DE BENZALCONIO - DESINFECTANTE DE MATERIAL QUIRURGICO AL 12%', 62.96, 60.54, 58.12, 58.12, 260, 'SECO', 'PENDIENTE', '2026-04-05 06:48:17'),
(220, 0, 'DESCUENTO', '', 0.00, 0.00, 0.00, 0.00, 261, 'SECO', 'PENDIENTE', '2026-04-05 06:48:17'),
(221, 7502276040375, 'DESENFRIOL-D C/12 TABS. 2/5/500 MG. - 12 - TABLETA -', 'CLORFENAMINA , FENILEFRINA , PARACETAMOL - TABLETA ORAL ADULTO', 31.86, 31.86, 31.86, 31.86, 262, 'SECO', 'PENDIENTE', '2026-04-05 06:48:17'),
(222, 7506429600171, 'DETEPOL 100 MG CON 60 TABLETAS', 'IMATINIB', 1.00, 1.00, 1.00, 1.00, 12, 'SECO', 'PENDIENTE', '2026-04-05 06:48:17'),
(223, 7506429600867, 'DETEPOL 100 MG CON 60 TABLETAS', 'IMATINIB', 1.00, 1.00, 1.00, 1.00, 264, 'SECO', 'PENDIENTE', '2026-04-05 06:48:17'),
(224, 7501342801124, 'DEXAMETASONA 0.5 MG CON 30 TABLETAS', 'DEXAMETASONA 0.50 MG - 30 TABLETA 5 MG', 22.72, 21.85, 20.98, 20.98, 3, 'SECO', 'PENDIENTE', '2026-04-05 06:48:17'),
(225, 7502009745775, 'DEXAMETASONA 8 MG/2 ML CON 1 AMPULA 2ML SOLUCION INYECTABLE', 'DEXAMETASONA - INYECTABLE 8 MG / 2 ML C / 1', 14.77, 14.20, 13.63, 13.63, 266, 'SECO', 'PENDIENTE', '2026-04-05 06:48:17'),
(226, 7501349029668, 'DEXAMETASONA NEOMICINA 1-3.5 MG/1 ML GOTAS OFTALMICAS CON 10', 'NEOMICINA, DEXAMETASONA - SOLUCION C / 10 ML', 24.83, 23.87, 22.92, 23.49, 3, 'SECO', 'PENDIENTE', '2026-04-05 06:48:17'),
(227, 7502009746222, 'DEXKETOPROFENO 25 MG CON 10 TABLETAS', 'DEXKETOPROFENO TROMETAMOL - TABLETA 25 MG C / 10', 71.37, 68.62, 65.88, 65.88, 267, 'SECO', 'PENDIENTE', '2026-04-05 06:48:17'),
(228, 7502227876367, 'DEXMITRON 50 MG CON 50 TABLETAS', 'AZATIOPRINA - 50 TABLETA 50 MG', 542.04, 487.84, 466.99, 466.39, 3, 'SECO', 'PENDIENTE', '2026-04-05 06:48:17'),
(229, 7502004401454, 'DEXNE OFTALMICO 100-500 MG/100 ML GOTERO CON 4 M', 'NEOMICINA, DEXAMETASONA - SOLUCION C / 4 ML', 38.36, 36.89, 35.41, 35.41, 5, 'SECO', 'PENDIENTE', '2026-04-05 06:48:17'),
(230, 7502004401508, 'DEXNE OTICO 15-3.5-1MG/1 ML FRASCO CON 10 ML', 'LIDOCAINA, NEOMICINA, DEXAMETASONA - SOLUCION C / 10 ML', 48.54, 46.68, 44.81, 44.81, 268, 'SECO', 'PENDIENTE', '2026-04-05 06:48:17'),
(231, 8903703012078, 'DEZOX 500 MG CAJA CON 1 FRASCO AMPULA DE LIOFOLIZADO DEXRAZO', 'DEXRAZOXANO', 1.00, 1.00, 1.00, 1.00, 269, 'SECO', 'PENDIENTE', '2026-04-05 06:48:17'),
(232, 7502001163782, 'DICLEOPHEN 500 MG CON 12 CAPSULAS', 'DICLOXACILINA 500 MG - CAPSULA ORAL', 31.41, 30.20, 28.99, 30.64, 270, 'SECO', 'PENDIENTE', '2026-04-05 06:48:17'),
(233, 7502216802919, 'DICLOFENACO 100 MG CAJA CON 20 TABLETAS ULTRA', 'DICLOFENACO - TABLETA 100 MG C / 20', 7.66, 7.36, 7.07, 7.07, 272, 'SECO', 'PENDIENTE', '2026-04-05 06:48:17'),
(234, 7502226292038, 'DICLOFENACO 75 MG/3 ML (ALPHARMA) SOL. INY. CON 2 AMPOLLETAS', 'DICLOFENACO SODICO 75 MG - SOLUCION INYECTABLE', 24.43, 19.58, 18.79, 18.79, 274, 'SECO', 'PENDIENTE', '2026-04-05 06:48:17'),
(235, 7501349025929, 'DICLOFENACO 75 MG/3ML CON 2 AMPULAS AMSA', 'DICLOFENACO - INYECTABLE 75 MG / 3 ML C / 2', 20.96, 20.15, 19.34, 19.34, 5, 'SECO', 'PENDIENTE', '2026-04-05 06:48:17'),
(236, 7501349027848, 'DICLOFENACO SOLUCION OFTALMICA 1MG/ML FRSCO CON 5 ML  AMSA', 'DICLOFENACO SODICO - SOLUCION OFTALMICO 1 MG / ML C / 5 ML', 29.57, 27.59, 26.48, 26.48, 1, 'SECO', 'PENDIENTE', '2026-04-05 06:48:17'),
(237, 7531536560124, 'DIFAMHED 10MG/ML FRASCO AMPULA CON 10 ML', 'DIFENHIDRAMINA 100.00 MG - SOLUCION INYECTABLE', 70.20, 67.50, 64.80, 64.80, 276, 'SECO', 'PENDIENTE', '2026-04-05 06:48:17'),
(238, 7501349028937, 'DIFENIDOL 40 MG/2 ML SOLUCION INYECTABLE AMSA', 'DIFENIDOL - INYECTABLE 40 MG / 2 ML C / 2', 17.43, 16.76, 16.09, 16.09, 278, 'SECO', 'PENDIENTE', '2026-04-05 06:48:17'),
(239, 7506442703293, 'DIMETILFUMARATO 240 MG CON 56 CAPSULAS', 'DIMETILFUMARATO', 2.00, 2.00, 2.00, 2.00, 279, 'SECO', 'PENDIENTE', '2026-04-05 06:48:17'),
(240, 7501573904762, 'DIONIXOL 50 MG CON 4 TABLETAS', 'SILDENAFIL 50.00 MG - 4 TABLETA 50 MG', 10.47, 10.06, 9.66, 9.66, 281, 'SECO', 'PENDIENTE', '2026-04-05 06:48:17'),
(241, 7501349029460, 'DIOSMINA HESPERIDINA 450/50MG CON 20 TABLETAS', 'DIOSMINA 450.00 MG HESPERIDINA 50.00 MG - 20 TABLETA 450 / 50 MG', 49.77, 47.86, 45.94, 45.94, 284, 'SECO', 'PENDIENTE', '2026-04-05 06:48:17'),
(242, 7506429601253, 'DIRANOVYL 10 MG FCO AMPULA CON LIOFILIZADO Y DILUYENTE (RF)', 'VINBLASTINA', 682.50, 656.25, 588.00, 630.00, 3, 'RED FRIA', 'PENDIENTE', '2026-04-05 06:48:17'),
(243, 7502256040081, 'DISMINONA SOL. INY. CAJA C/50 FCO. AMP. 500 MG/8 ML. (62.5 M', 'METILPREDNISOLONA 500 MG -', 3.00, 3.00, 3.00, 3.00, 285, 'SECO', 'PENDIENTE', '2026-04-05 06:48:17'),
(244, 7503027446248, 'DIVELGEL 100/300 MG CON16 CAPSULAS', 'PINAVERIO + DIMETICONA - 16 CAPSULA 100 / 300 MG', 103.39, 99.41, 95.44, 95.44, 287, 'SECO', 'PENDIENTE', '2026-04-05 06:48:17'),
(245, 7502009746383, 'DIZIVER 25 MG CON 20 TABLETAS', 'HIDROCLOROTIAZIDA - TABLETA 25 MG C / 20', 12.40, 9.94, 9.54, 9.54, 11, 'SECO', 'PENDIENTE', '2026-04-05 06:48:17'),
(246, 7501573900153, 'DOCSI 4 MG CON 20 TABLETAS', 'CLORFENAMINA - TABLETA 4 MG C / 20', 9.10, 8.75, 8.40, 8.40, 289, 'SECO', 'PENDIENTE', '2026-04-05 06:48:17'),
(247, 7502009741487, 'DOLTRIX 250-10 MG CON 10 TABLETAS', 'CLONIXINATO DE LISINA, HIOSCINA - TABLETA 250 - 10 MG C / 10', 66.61, 64.05, 61.49, 61.49, 14, 'SECO', 'PENDIENTE', '2026-04-05 06:48:17'),
(248, 7502009741593, 'DOLXEN 500 MG CON 10 TABLETAS', 'NAPROXENO - TABLETA 500 MG C / 10', 22.20, 21.35, 20.50, 20.50, 290, 'SECO', 'PENDIENTE', '2026-04-05 06:48:17'),
(249, 7506442701831, 'DONEPEZILO 10 MG CON 28 TABLETAS CAMBER', 'DONEPECILO', 263.71, 237.33, 227.19, 233.28, 291, 'SECO', 'PENDIENTE', '2026-04-05 06:48:17'),
(250, 7506442701817, 'DONEPEZILO 5 MG CON 28 TABLETAS CAMBER', 'DONEPECILO', 232.06, 191.26, 178.51, 178.51, 293, 'SECO', 'PENDIENTE', '2026-04-05 06:48:17'),
(251, 7502227876107, 'DONSICOL 5 MG CON 20 TABLETAS', 'PREDNISONA', 15.21, 14.63, 14.04, 14.04, 295, 'SECO', 'PENDIENTE', '2026-04-05 06:48:17'),
(252, 7501300408556, 'DORIXINA RELAX 125/5MG CON 20 COMPRIMIDOS', 'CLONIXINATO DE LISINA 125.00 MG CICLOBENZAPRINA 5.00 MG - 20 COMPRIMIDO 125 / 5 MG', 338.00, 325.00, 312.00, 312.00, 9, 'SECO', 'PENDIENTE', '2026-04-05 06:48:17'),
(253, 7502245840715, 'DOXCUROM SOL. INY. C/50 FCO. AMP. 4 MG/1 ML.', 'VECURONIO, BROMURO DE - PHARMASERVICE S A DE C V', 1.00, 1.00, 1.00, 1.00, 296, 'SECO', 'PENDIENTE', '2026-04-05 06:48:17'),
(254, 7501836009661, 'DUALGOS 325MG/200MG CON 20 TABLETAS', 'PARACETAMOL, IBUPROFENO - TABLETA 325 - 200 MG C / 20', 34.55, 33.23, 31.90, 31.90, 298, 'SECO', 'PENDIENTE', '2026-04-05 06:48:17'),
(255, 7502227879603, 'DUET FLEXENOL NF 275/300 MG CON 12 TABLETAS', 'NAPROXENO SODICO+PARACETAMOL (TABS. ORALES).', 22.33, 21.48, 20.62, 20.62, 299, 'SECO', 'PENDIENTE', '2026-04-05 06:48:17'),
(256, 7501125100185, 'DX-CS PISA 0.9-5% FRASCO CON 500 ML', 'GLUCOSA, CLORURO DE SODIO - SOLUCION 5 / .95% C / 500 ML ( FLEXOVAL )', 39.30, 37.79, 36.28, 36.28, 301, 'SECO', 'PENDIENTE', '2026-04-05 06:48:17'),
(257, 7506335702471, 'ECCER 40 MG CON 14 TABLETAS', 'PANTOPRAZOL - TABLETA 40 MG C / 14', 33.18, 31.90, 30.62, 30.62, 302, 'SECO', 'PENDIENTE', '2026-04-05 06:48:17'),
(258, 7501723501520, 'ECODINE-BF 8G/100 ML SOLUCION BUCOFARINGEA FRASCO CON 120 ML', 'YODOPOVIDONA - BUCOFARINGEO', 44.60, 42.89, 41.17, 41.86, 303, 'SECO', 'PENDIENTE', '2026-04-05 06:48:17'),
(259, 7501277078325, 'ELECTROLITOS MANZANA 20/3.5/2.9 G CON 4 SOBRES', 'CLORURO DE SODIO 3.50 G GLUCOSA 20.00 G CLORURO DE POTASIO 1.50 G CITRATO TRISODICO 2.90 G - FORMULA ESTANDAR', 41.35, 39.76, 38.17, 38.17, 305, 'SECO', 'PENDIENTE', '2026-04-05 06:48:17'),
(260, 7502227875636, 'EMICROX 100 MG CON 50 CAPSULAS', 'CICLOSPORINA 100 MG - CAPSULA ORAL', 747.39, 699.55, 669.66, 669.66, 308, 'SECO', 'PENDIENTE', '2026-04-05 06:48:17'),
(261, 7502227875629, 'EMICROX 25 MG CON 50 CAPSULAS', 'CICLOSPORINA 25 MG - CAPSULA ORAL', 704.34, 650.16, 606.82, 606.82, 310, 'SECO', 'PENDIENTE', '2026-04-05 06:48:17'),
(262, 7502009747434, 'EMIPRIL 40MG/0.4ML CAJA CON 2 JERINGAS SOL. INYECTABLE', 'ENOXAPARINA SODICA', 359.89, 346.05, 332.21, 332.21, 4, 'SECO', 'PENDIENTE', '2026-04-05 06:48:17'),
(263, 7502216792845, 'ENALAPRIL 10 MG CON 30 TABLETAS', 'ENALAPRIL 10.00 MG - 30 TABLETA 10 MG', 10.02, 9.64, 9.25, 9.25, 311, 'SECO', 'PENDIENTE', '2026-04-05 06:48:17'),
(264, 7798088128909, 'ENEKAMUB GEMCITABINA 1GR SOL INY', 'GEMCITABINA', 624.00, 600.00, 537.60, 537.60, 312, 'SECO', 'PENDIENTE', '2026-04-05 06:48:17'),
(265, 7506442702135, 'ENOIRA VORICONAZOL SOLUCION 200 MG INY HETERO', 'VORICONAZOL INYECTABLE', 571.05, 489.06, 468.16, 468.16, 315, 'SECO', 'PENDIENTE', '2026-04-05 06:48:17'),
(266, 7501124819224, 'ENTRESTO 100MG CON 60 COMPRIMIDOS', 'SACUBITRILO VALSARTAN -', 2.00, 1.00, 1.00, 1.00, 317, 'SECO', 'PENDIENTE', '2026-04-05 06:48:17'),
(267, 7502009740916, 'ERISPAN 8 MG/2 ML CON 1 AMPULA DE 2 ML Y JERINGA', 'BETAMETASONA ACCION RAPIDA', 28.08, 27.00, 25.92, 25.92, 318, 'SECO', 'PENDIENTE', '2026-04-05 06:48:17'),
(268, 7502009746239, 'ERISPAN COMPUESTO 5MG-0.25 MG CON 10 TABLETAS', 'LORATADINA, BETAMETASONA', 9.61, 9.24, 8.87, 8.87, 319, 'SECO', 'PENDIENTE', '2026-04-05 06:48:17'),
(269, 7506442700490, 'ESCITALOPRAM 10MG CON 28 TABLETAS CAMBER', 'ESCITALOPRAM -', 45.63, 41.07, 39.31, 40.37, 9, 'SECO', 'PENDIENTE', '2026-04-05 06:48:17'),
(270, 7502009748912, 'ESOMEPRAZOL 40 MG CON 14 TABLETAS L.R.', 'ESOMEPRAZOL LIBERACION RETARDADA', 62.79, 60.38, 57.96, 57.96, 322, 'SECO', 'PENDIENTE', '2026-04-05 06:48:17'),
(271, 52434, 'ESPECULO PARA OTOSCOPIO CON 34 PIEZAS', 'CONOS P/OTOSCOPIO ADULTO WELCH ALLYN', 49.48, 47.58, 45.67, 45.67, 3, 'SECO', 'PENDIENTE', '2026-04-05 06:48:17'),
(272, 7502227874387, 'ESPEFLUN 500 MG CON 50 COMPRIMIDOS', 'ACIDO MICOFENOLICO - MICOFENOLATO DE MOFETILO', 655.36, 540.13, 498.92, 498.92, 323, 'SECO', 'PENDIENTE', '2026-04-05 06:48:17'),
(273, 7501563381160, 'ESPIRONOLACTONA 25MG CON 30 TABLETAS', 'ESPIRONOLACTONA 25.00 MG - 25 MG 30 TABLETA', 29.28, 28.15, 27.02, 27.02, 325, 'SECO', 'PENDIENTE', '2026-04-05 06:48:17'),
(274, 614143495519, 'ESTETOSCOPIO VITALCARE MULTIF NGO', 'ESTETOSCOPIO DOBLE CAMPANA DE ACERO INOX CON ESTUCHE', 0.00, 0.00, 0.00, 0.00, 326, 'SECO', 'PENDIENTE', '2026-04-05 06:48:17');
INSERT INTO `productos` (`id`, `codigo`, `nombre`, `sustancia`, `precio_empresa`, `precio_farmacia`, `precio_distribuidor`, `precio_red_fria`, `orden`, `tipo`, `imagen`, `created_at`) VALUES
(275, 7502256721607, 'ESTUCHE DE DISECCION CON 12 PIEZAS', '1.- TIJERA ROMA 14CM RECTA1 - TIJERA ROMA 14CM CURVA1.- PINZA KELLY 14 CM RECTA1.- PINZA KELLY 14 CM CURVA 1.-PORTA AGUJA MAYO 16CM1.- MANGO BISTURI NUM. 41.- PINZA DE DISECCION CON DIENTES 16 CM. 1.- PINZA DE DISECCION SIN DIENTES 16 CM. 1.- HERINAS 1.- SONDA ACANALADA1- SEPARADOR.1.-ESTILETE ABOTONADO1 SONDA ACANALADA1 SEPARADOR,1 ESTILETE ABOTONADO.', 307.63, 295.80, 283.97, 283.97, 327, 'SECO', 'PENDIENTE', '2026-04-05 06:48:17'),
(276, 7506442700582, 'ETORICOXIB 90 MG CON 28 TABLETAS CAMBER', 'ETORICOXIB -', 110.37, 99.33, 95.09, 97.64, 328, 'SECO', 'PENDIENTE', '2026-04-05 06:48:17'),
(277, 8904091120499, 'EUKOMIKANE 200MG 14 TABLETAS', 'VORICONAZOL', 1.00, 1.00, 1.00, 1.00, 329, 'SECO', 'PENDIENTE', '2026-04-05 06:48:17'),
(278, 7502009741753, 'EXALVER 500/15/5MG CON 10 TABLETAS', 'PARACETAMOL, DEXTROMETORFANO, FENILEFRINA - TABLETA 500 - 15 - 5 MG C / 10', 15.67, 15.06, 14.46, 14.46, 331, 'SECO', 'PENDIENTE', '2026-04-05 06:48:17'),
(279, 7795367551731, 'EXELON 9 MG PARCHE 24HRS CON 30 SOBRES', 'RIVASTIGMINA', 1.00, 1.00, 1.00, 1.00, 332, 'SECO', 'PENDIENTE', '2026-04-05 06:48:17'),
(280, 118097118, 'EYESALINE SOLUCION SALINA HONEYWELL 118 ML', 'SOLUCION SALINA LAVAOJOS', 231.43, 222.53, 213.62, 213.62, 1, 'SECO', 'PENDIENTE', '2026-04-05 06:48:17'),
(281, 7506429601222, 'FAMPOR 500 MG/20 ML SOL. INY. CON 1 FCO. AMPULA', 'PEMETREXED 500 MG -', 1.00, 1.00, 1.00, 1.00, 334, 'SECO', 'PENDIENTE', '2026-04-05 06:48:17'),
(282, 7502213042738, 'FARMAREST 100MCG/DOSIS AEROSOL 13.5 G CON 200 DOSIS', 'SALBUTAMOL 100.00 MCG - AEROSOL P / INHALACION BUCAL', 43.89, 42.20, 40.51, 40.51, 335, 'SECO', 'PENDIENTE', '2026-04-05 06:48:17'),
(283, 7502006920038, 'FARMIVER - 2 - TABLETA - 200 MG - 150 MG', 'ALBENDAZOL, QUINFAMINA - TABLETA 200 - 150 MG C / 2', 23.34, 22.44, 21.54, 21.54, 338, 'SECO', 'PENDIENTE', '2026-04-05 06:48:17'),
(284, 7506313800090, 'FEDSINA 75 MG CON 28 TABLETAS', 'CLOPIDOGREL', 42.84, 41.19, 39.54, 39.54, 340, 'SECO', 'PENDIENTE', '2026-04-05 06:48:17'),
(285, 7502227876787, 'FERTAP TALIDOMIDA 100 MG 50 TABLETAS', 'TALIDOMIDA', 1.00, 1.00, 1.00, 1.00, 342, 'SECO', 'PENDIENTE', '2026-04-05 06:48:17'),
(286, 653341012906, 'FERULA DE DEDO (ORTHOWORLD) TIPO SOMBRILLA CHICA C/1 PZA.', 'FERULA DE METAL', 39.65, 38.13, 36.60, 36.60, 343, 'SECO', 'PENDIENTE', '2026-04-05 06:48:17'),
(287, 7501141907232, 'FERULA INMOVILIZADOR DEDO TIPO RANITA GRANDE', 'FERULA TIPO RANITA GRANDE', 37.72, 30.23, 29.02, 29.02, 344, 'SECO', 'PENDIENTE', '2026-04-05 06:48:17'),
(288, 0, 'FERULA MOLDEABLE TIPO SAM SPLINT 11X90 CM', 'FERULA INMOVILIZACION EN ROLLO', 160.94, 154.75, 148.56, 148.56, 345, 'SECO', 'PENDIENTE', '2026-04-05 06:48:17'),
(289, 653341012807, 'FERULA PARA DEDO TIPO RANITA  GRANDE', 'FERULA TIPO RANITA', 37.72, 30.23, 29.02, 29.02, 347, 'SECO', 'PENDIENTE', '2026-04-05 06:48:17'),
(290, 653341012708, 'FERULA PARA DEDO TIPO RANITA MED', 'FERULA DE METAL', 37.72, 30.23, 29.02, 29.02, 348, 'SECO', 'PENDIENTE', '2026-04-05 06:48:17'),
(291, 7502227873823, 'FESTERIDE 50 MG CON 28 TABLETAS', 'BICALUTAMIDA 50 MG - 28 TABLETA 50 MG', 216.13, 194.51, 186.20, 186.20, 351, 'SECO', 'PENDIENTE', '2026-04-05 06:48:17'),
(292, 7502213042479, 'FHEVARTIL 10/20 MG CON 28 TABLETAS', 'EZETIMIVA - SIMVASTATINA -', 112.13, 107.81, 103.50, 103.50, 352, 'SECO', 'PENDIENTE', '2026-04-05 06:48:17'),
(293, 5420013501663, 'FLAMINAL HYDRO GEL TUBO CON 50 G', '', 424.03, 424.03, 424.03, 424.03, 5, 'SECO', 'PENDIENTE', '2026-04-05 06:48:17'),
(294, 7501478315397, 'FLAXENDOL 550 MG CON 12 TABLETAS', 'NAPROXENO SODICO - TABLETA 550 MG C / 12', 27.42, 24.15, 23.18, 23.18, 353, 'SECO', 'PENDIENTE', '2026-04-05 06:48:17'),
(295, 7501537102272, 'FLEBONADROL 500 MG/4 ML SOLUCION INYECTABLE CON 1 AMPULA', 'HIDROCORTISONA 500 MG - SOLUCION INYECTABLE', 53.37, 49.41, 47.44, 47.44, 355, 'SECO', 'PENDIENTE', '2026-04-05 06:48:17'),
(296, 7502009742095, 'FLEXIVER COMPUESTO 215/15 MG CAJA CON 10 CAPSULAS', 'METOCARBAMOL, MELOXICAM - CAPSULA 215 - 15 MG C / 10', 46.32, 44.54, 42.76, 42.76, 357, 'SECO', 'PENDIENTE', '2026-04-05 06:48:17'),
(297, 7502009742101, 'FLEXIVER COMPUESTO 215/7.5MG CAJA CON 20 CAPSULAS', 'METOCARBAMOL 215.00 MG MELOXICAM 7.50 MG - 20 CAPSULA 215 / 7.5 MG', 47.27, 45.45, 43.63, 43.63, 358, 'SECO', 'PENDIENTE', '2026-04-05 06:48:17'),
(298, 7502227870211, 'FLOVIN 500 MG CON 10 TABLETAS', 'CIPROFLOXACINO 500 MG - TABLETA ORAL', 23.52, 22.61, 21.71, 21.71, 360, 'SECO', 'PENDIENTE', '2026-04-05 06:48:17'),
(299, 7237079290916, 'FOCIDAT 50 MG/4 ML SOLUCION INYECTABLE CON 1 AMPOLLETA (RF)', 'ACIDO FOLINICO 50 MG - SOLUCION INYECTABLE   RED FRIA', 334.88, 279.60, 259.60, 263.60, 363, 'RED FRIA', 'PENDIENTE', '2026-04-05 06:48:17'),
(300, 7502223556386, 'FOREZOL 100 MG CON 30 TABLETAS', 'FLUVOXAMINA', 0.00, 0.00, 0.00, 0.00, 7, 'SECO', 'PENDIENTE', '2026-04-05 06:48:17'),
(301, 7506442703668, 'FOSAPREPITANT 150 MG 1 FCO AMPULA SOLUCION INYECTABLE (RF)', 'FOSAPREPITANT', 1.00, 1.00, 1.00, 1.00, 364, 'RED FRIA', 'PENDIENTE', '2026-04-05 06:48:17'),
(302, 7502227870228, 'FOSHLENN 300 MG CON 16 CAPSULAS', 'CLINDAMICINA - CAPSULA 300 MG C / 16', 36.06, 34.68, 31.07, 31.07, 5, 'SECO', 'PENDIENTE', '2026-04-05 06:48:17'),
(303, 7502009744891, 'FRINVER GOTAS 10MG/ML FRASCO CON 24 ML', 'NORFENEFRINA - SOLUCION 10 MG / ML C / 24 ML', 62.44, 60.04, 57.64, 57.64, 365, 'SECO', 'PENDIENTE', '2026-04-05 06:48:17'),
(304, 7502227875544, 'FROSDEM 300-50-3MG CON 24 CAPSULAS', 'PARACETAMOL, AMANTADINA, CLORFENAMINA - CAPSULA 300 / 50 / 3 MG C / 24', 22.33, 20.62, 19.24, 19.24, 366, 'SECO', 'PENDIENTE', '2026-04-05 06:48:17'),
(305, 7503048744859, 'FUNDA PARA ALMOHADA DESECHABLE CON 10 PIEZAS', 'FUNDA DESECHABLE', 111.51, 107.23, 102.94, 102.94, 369, 'SECO', 'PENDIENTE', '2026-04-05 06:48:17'),
(306, 7501300408228, 'FURACIN POMADA 0.2G TUBO CON 85 G', 'NITROFURAL -', 277.03, 247.70, 228.65, 228.65, 370, 'SECO', 'PENDIENTE', '2026-04-05 06:48:17'),
(307, 7501349024571, 'FUROSEMIDA 20MG/2 ML SOLUCION INYECTABLE CON 5 AMPULAS', 'FUROSEMIDA 20.00 MG - SOLUCION INYECTABLE', 16.13, 15.51, 14.89, 14.89, 371, 'SECO', 'PENDIENTE', '2026-04-05 06:48:17'),
(308, 736085412734, 'GAAP OFTENO PF 0.05MG/ML - 3 ML - SOLUCION -', 'LATANOPROST -', 583.00, 583.00, 583.00, 583.00, 374, 'SECO', 'PENDIENTE', '2026-04-05 06:48:17'),
(309, 7502009745522, 'GALAVER 8-1G/100 ML CAJA CON 10 SOBRES CON 10 ML', 'MAGALDRATO, DIMETICONA - GEL 8 G - 1 G / 100 ML C / 10 SOBRE C / 10 ML', 58.56, 56.16, 53.92, 53.92, 375, 'SECO', 'PENDIENTE', '2026-04-05 06:48:17'),
(310, 759684231551, 'GASA ESTERIL (JALOMA) 10X10CM. EXHIB. CON 100 SOBS.', 'GASA SIMPLE ESTERILIZADA 10 X10 CM TIPO VII - TEJIDO ABIERTO', 105.35, 98.26, 94.36, 94.36, 377, 'SECO', 'PENDIENTE', '2026-04-05 06:48:17'),
(311, 759684231506, 'GASA ESTERIL (JALOMA) 7.5X5CM. EXHIB. CON 100 SOBS.', 'GASA SIMPLE ESTERILIZADA 7.5 X 5 CM TIPO VII -TEJIDO ABIERTO', 70.10, 67.40, 64.70, 64.70, 379, 'SECO', 'PENDIENTE', '2026-04-05 06:48:17'),
(312, 7501565600115, 'GASA SECA NO ESTERIL10 X10 CM CON 200 PIEZAS GALIA', 'GASA SECA NO ESTERIL (ESPONJA DE GASA)', 133.41, 128.28, 123.14, 123.14, 380, 'SECO', 'PENDIENTE', '2026-04-05 06:48:17'),
(313, 7501565609521, 'GASA SIMPLE ESTERIL 10X10CM.BOLSA CON 10 SOBRES GALIA', 'GASA SIMPLE ESTERILIZADA 10 X10 CM TIPO VII - TEJIDO ABIERTO', 19.29, 18.55, 17.81, 17.81, 14, 'SECO', 'PENDIENTE', '2026-04-05 06:48:17'),
(314, 759684155185, 'GEL ANTISEPTICO P/MANOS CON GLICERINA (JALOMA) FCO. ATOMIZAD', 'GEL ANTIBACTERIAL A BASE DE ALCOHOL FRASCO CON DISPENSADOR', 84.37, 81.13, 77.88, 77.88, 381, 'SECO', 'PENDIENTE', '2026-04-05 06:48:17'),
(315, 7502227425039, 'GELPRIM 10 MG CON 20 CAPSULAS', 'NIFEDIPINO 10.00 MG - 20 CAPSULA 10 MG', 23.01, 22.13, 21.24, 0.00, 382, 'SECO', 'PENDIENTE', '2026-04-05 06:48:17'),
(316, 7503008344785, 'GELUBRIN 400 MG CON 10 CAPSULAS', 'IBUPROFENO - CAPSULA 400 MG C / 10', 17.88, 17.19, 16.51, 16.51, 383, 'SECO', 'PENDIENTE', '2026-04-05 06:48:17'),
(317, 7503027446279, 'GELUBRIN 600 MG CON 10 CAPSULAS', 'IBUPROFENO 600.00 MG', 28.11, 25.20, 24.19, 24.19, 385, 'SECO', 'PENDIENTE', '2026-04-05 06:48:17'),
(318, 7501349026094, 'GENTAMICINA 160MG/2 ML CON 5 AMPOLLETAS', 'GENTAMICINA 160.00 MG - 5 AMPULA 160 MG / 2 ML', 59.33, 57.05, 54.77, 54.77, 387, 'SECO', 'PENDIENTE', '2026-04-05 06:48:17'),
(319, 7506624900656, 'GERIAL B12 ELIXIR 440-44-20.9-6 FRASCOCON 340 ML', 'L - LISINA, INOSITOL, VITAMINA B - 12, HIERRO - ELIXIR C / 340 ML', 56.38, 54.21, 44.30, 44.30, 388, 'SECO', 'PENDIENTE', '2026-04-05 06:48:17'),
(320, 7501563382013, 'GLIBENCLAMIDA 5 MG CON 50 TABLETAS RANDALL', 'GLIBENCLAMIDA', 10.30, 9.90, 9.50, 0.00, 389, 'SECO', 'PENDIENTE', '2026-04-05 06:48:17'),
(321, 4015630082988, 'GLUCOMETRO ACCU CHEK SISTEMA ACTIVE KIT', 'MATERIAL DE DIAGNOSTICO', 475.61, 475.61, 475.61, 475.61, 390, 'SECO', 'PENDIENTE', '2026-04-05 06:48:17'),
(322, 7613427028781, 'GLUCOMETRO ONE TOUCH SELECT PLUS', 'EQUIPO PARA MEDICION DE GLUCOSA EN SANGRE', 225.26, 216.60, 207.94, 207.94, 391, 'SECO', 'PENDIENTE', '2026-04-05 06:48:17'),
(323, 7501075717013, 'GLUNOVAG 500 MG CON 60 TABLETAS', 'METFORMINA 500 MG - 60 TABLETA 500 MG', 22.87, 21.99, 21.11, 21.11, 393, 'SECO', 'PENDIENTE', '2026-04-05 06:48:17'),
(324, 7506442705839, 'GONGOLA 50 MG/25 ML DOXORUBICINA CON 1 VIAL', 'DOXORUBICINA', 590.91, 568.18, 545.45, 545.45, 395, 'SECO', 'PENDIENTE', '2026-04-05 06:48:17'),
(325, 780083139889, 'GOTADEX GOTAS OFTALMICAS - 5 ML - SOLUCION - 3.5 MG - 1 MG /', 'NEOMICINA, DEXAMETASONA - SOLUCION C / 5 ML', 28.72, 27.61, 26.51, 26.51, 1, 'SECO', 'PENDIENTE', '2026-04-05 06:48:17'),
(326, 7501058715517, 'GRANEODIN B 10MG MENTA EUCALIPTO CON 24 PASTILLAS', 'BENZOCAINA 10.00 MG - 24 PASTILLA 10 MG', 117.38, 112.68, 107.99, 110.99, 397, 'SECO', 'PENDIENTE', '2026-04-05 06:48:17'),
(327, 7501095409059, 'GRANEODIN B SABOR MIEL LIMON CON 24 PASTILLAS', 'BENZOCAINA - TABLETA', 117.38, 112.68, 107.99, 107.99, 398, 'SECO', 'PENDIENTE', '2026-04-05 06:48:17'),
(328, 7501058715494, 'GRANEODIN F 8.75MG MIEL LIMON CON 16 PASTILLAS', 'FLURBIPROFENO 8.75 MG - 16 PASTILLA 8.75 MG', 116.60, 116.60, 116.60, 116.60, 14, 'SECO', 'PENDIENTE', '2026-04-05 06:48:17'),
(329, 7506335703553, 'GRANUVEN 300MCG/0.5ML CON 1 JERINGA', 'FILGRASTIM', 520.00, 468.00, 432.00, 458.00, 400, 'SECO', 'PENDIENTE', '2026-04-05 06:48:17'),
(330, 7506335703331, 'GREXYL 50 MG TIGECICLINA CON 1 FRASCO AMPULA', 'TIGECICLINA', 693.33, 624.00, 597.33, 613.33, 401, 'SECO', 'PENDIENTE', '2026-04-05 06:48:17'),
(331, 7501573908975, 'GRIMERAL 10 MG CON 20 TABLETAS', 'LORATADINA', 11.93, 9.56, 9.18, 9.18, 13, 'SECO', 'PENDIENTE', '2026-04-05 06:48:17'),
(332, 7502227425008, 'GROOBE 50 MG CON 24 CAPSULAS', 'DIMENHIDRINATO - CAPSULA 50 MG C / 24', 29.51, 28.38, 27.24, 27.24, 403, 'SECO', 'PENDIENTE', '2026-04-05 06:48:17'),
(333, 17502224240656, 'GUANTE AMBIDERM ESTERIL MEDIANO CAJA CON 100 PIEZAS', 'GUANTE ESTERIL EXPLORACION -', 176.80, 170.00, 163.20, 163.20, 404, 'SECO', 'PENDIENTE', '2026-04-05 06:48:17'),
(334, 7502224240260, 'GUANTE AMBIDERM LTX EXPLOR.CHICO BAJO POLVO NO ESTERIL C/100', 'GUANTE NO ESTERIL CAJA C/100', 111.92, 107.61, 103.31, 103.31, 406, 'SECO', 'PENDIENTE', '2026-04-05 06:48:17'),
(335, 7502224245357, 'GUANTE DE NITRILO NO ESTERIL VIOLETA XCH CAJA CON100 PZAS', 'GUANTE DE NITRILO NO ESTERIL', 115.47, 111.03, 106.58, 106.58, 408, 'SECO', 'PENDIENTE', '2026-04-05 06:48:17'),
(336, 17502224240649, 'GUANTE ESTERIL LATEX EXPLORACION CHICOS CON 100 PZAAMBIDERM', 'CAJA GUANTE ESTERIL DE LATEX MARCA  AMBIDERM', 174.20, 167.50, 160.80, 160.80, 409, 'SECO', 'PENDIENTE', '2026-04-05 06:48:17'),
(337, 7502224240284, 'GUANTE LATEX EXPLORACION NO ESTERIL BAJO EN POLVO GRANDE', 'GUANTES DE LATEX PARA EXPLORACION NO ESTERIL BAJO EN POLVO (GRANDE)', 110.45, 106.20, 101.95, 104.50, 411, 'SECO', 'PENDIENTE', '2026-04-05 06:48:17'),
(338, 7502224240222, 'GUANTE LTX EXPLORACION BLANCO NO ESTERIL MED. CAJA C/100 AMB', 'GUANTES DE LATEX PARA EXPLORACION/EXAMEN NO ESTERIL (MEDIANO)', 111.40, 107.11, 102.83, 102.83, 412, 'SECO', 'PENDIENTE', '2026-04-05 06:48:17'),
(339, 7502224245425, 'GUANTE NITRILO AMBIDERM EXPLN. NEGRO NO ESTERIL \"MED\" C/100', 'GUANTES DE NITRILO PARA EXPLORACION/EXAMEN NO ESTERIL (MEDIANO)', 111.36, 107.08, 102.79, 102.79, 413, 'SECO', 'PENDIENTE', '2026-04-05 06:48:17'),
(340, 7501128110266, 'GUANTE NO ESTERIL LATEX EXPLORACIÓN GRANDES CAJA CON 100', 'GUANTE DE LATEX NO ESTERIL PARA EXPLORACION', 115.25, 110.82, 106.39, 106.39, 414, 'SECO', 'PENDIENTE', '2026-04-05 06:48:17'),
(341, 7502224243384, 'GUANTE NO ESTERIL NITRILO AZUL ROYAL MEDIANO CAJA CON 100', 'GUANTES DE NITRILO PARA EXPLORACION/EXAMEN NO ESTERIL (MEDIANO)', 132.68, 106.31, 102.06, 102.06, 415, 'SECO', 'PENDIENTE', '2026-04-05 06:48:17'),
(342, 7502224245418, 'GUANTE NO ESTERIL NITRILO NEGRO CHICO CAJA CON 100', 'GUANTE NITRILO NEGRO NO ESTERIL', 111.77, 107.48, 103.18, 103.18, 417, 'SECO', 'PENDIENTE', '2026-04-05 06:48:17'),
(343, 7501052712246, 'HARTMANN ALPHA SOL. INY. FRASCO 1000 ML.', 'HARTMANN (RINGER-LACTATO)', 35.52, 34.15, 32.78, 32.78, 419, 'SECO', 'PENDIENTE', '2026-04-05 06:48:17'),
(344, 7501052712222, 'HARTMANN ALPHA SOL. INY. FRASCO 250 ML.', 'HARTMANN - RINGER - LACTATO', 18.25, 17.55, 16.85, 16.85, 421, 'SECO', 'PENDIENTE', '2026-04-05 06:48:17'),
(345, 7501052712239, 'HARTMANN ALPHA SOL. INY. FRASCO 500 ML.', 'HARTMANN - RINGER - LACTATO', 30.33, 29.16, 28.00, 28.00, 422, 'SECO', 'PENDIENTE', '2026-04-05 06:48:17'),
(346, 7502009747618, 'HIDROXICLOROQUINA 200 MG. CON 20 TABLETAS', 'HIDROXICLOROQUINA', 192.05, 184.66, 177.28, 0.00, 424, 'SECO', 'PENDIENTE', '2026-04-05 06:48:17'),
(347, 7502222840301, 'HIPROMELOSA SOL.OFTALMICA 0.5%FRASCO CON 15 ML', 'HIPROMELOSA', 24.40, 23.40, 22.40, 22.40, 425, 'SECO', 'PENDIENTE', '2026-04-05 06:48:17'),
(348, 7503003406402, 'HISOPOS ENVASE CON 100 PIEZAS', 'COTONETES 100.00 PIEZA - 1 ENVASE 100 PIEZA', 12.95, 12.45, 11.95, 11.95, 427, 'SECO', 'PENDIENTE', '2026-04-05 06:48:17'),
(349, 7502223112346, 'HISTAPHARM 5 MG CON 10 TABLETAS', 'DESLORATADINA - TABLETA 5 MG C / 10', 24.18, 23.25, 22.32, 22.32, 429, 'SECO', 'PENDIENTE', '2026-04-05 06:48:17'),
(350, 320062, 'HOJA PARA BISTURI ACERO INOXIDABLE (AMBIDERM) NO. 10 C/1 PZA', 'HOJA PARA BISTURI MANGO 3', 2.48, 2.23, 2.15, 2.15, 430, 'SECO', 'PENDIENTE', '2026-04-05 06:48:17'),
(351, 320065, 'HOJA PARA BISTURI ACERO INOXIDABLE (AMBIDERM) NO. 15 CON 1 P', 'HOJA PARA BISTURI MANGO 3', 2.48, 2.39, 2.29, 2.29, 431, 'SECO', 'PENDIENTE', '2026-04-05 06:48:17'),
(352, 320069, 'HOJA PARA BISTURI ACERO INOXIDABLE (AMBIDERM) NO. 23 CON 1 P', 'HOJA PARA BISTURI MANGO 4', 2.48, 2.39, 2.29, 2.29, 432, 'SECO', 'PENDIENTE', '2026-04-05 06:48:17'),
(353, 320070, 'HOJA PARA BISTURÍ ACERO INOXIDABLE (AMBIDERM) No. 24 CON 1 P', 'HOJA PARA BISTURI MANGO 4', 2.48, 2.39, 2.29, 2.29, 433, 'SECO', 'PENDIENTE', '2026-04-05 06:48:17'),
(354, 7501082208702, 'HUMALOG 100UI/ML FRASCO CON 10 ML  (RF)', 'INSULINA LISPRO -', 715.00, 687.50, 660.00, 675.00, 434, 'RED FRIA', 'PENDIENTE', '2026-04-05 06:48:17'),
(355, 75016845, 'HURPLEX 2 MG CON 12 COMPRIMIDOS', 'LOPERAMIDA 2.00 MG - 12 COMPRIMIDO 2 MG', 9.30, 8.94, 8.58, 8.58, 3, 'SECO', 'PENDIENTE', '2026-04-05 06:48:17'),
(356, 7501075727203, 'HYDRASOR POLVO 27.9 G SABOR NATURAL CON 1 SOBRE', 'ELECTROLITOS ORALES EN POLVO SIN SABOR (FORMULA ESTANDAR).', 5.88, 5.65, 5.42, 5.42, 435, 'SECO', 'PENDIENTE', '2026-04-05 06:48:17'),
(357, 7501075712223, 'HYDRASOR POLVO SABOR NATURAL CON 1 SOBRE 27.9 G.', 'ELECTROLITOS ORALES EN POLVO SIN SABOR (FORMULA ESTANDAR) 311 MMOL/L.', 6.01, 5.78, 5.54, 5.54, 8, 'SECO', 'PENDIENTE', '2026-04-05 06:48:17'),
(358, 7501075718201, 'HYDRASOR SABOR CEREZA 28.4 G CAJA CON 25 SOBRES', 'CITRATO TRISODICO 2.90 G GLUCOSA 20.00 G CLORURO DE SODIO 3.50 G CLORURO DE POTASIO 1.50 G - FORMULA ESTANDAR', 147.73, 142.05, 136.37, 136.37, 436, 'SECO', 'PENDIENTE', '2026-04-05 06:48:17'),
(359, 7501075718218, 'HYDRASOR SABOR LIMON 28.4 G CAJA CON 25 SOBRES', 'CLORURO DE SODIO 3.50 G CLORURO DE POTASIO 1.50 G GLUCOSA 20.00 G CITRATO TRISODICO 2.90 G - FORMULA ESTANDAR', 147.73, 142.05, 136.37, 136.37, 438, 'SECO', 'PENDIENTE', '2026-04-05 06:48:17'),
(360, 7501075727371, 'HYDRASOR SABOR NARANJA 28.4 G CAJA CON 25 SOBRES', 'CITRATO TRISODICO 2.90 G CLORURO DE POTASIO 1.50 G GLUCOSA 20.00 G CLORURO DE SODIO 3.50 G - FORMULA ESTANDAR', 147.73, 172.05, 136.37, 136.37, 440, 'SECO', 'PENDIENTE', '2026-04-05 06:48:17'),
(361, 7501233295339, 'HYDREA 500 MG 100 CAPULAS', 'HIDROXIUREA', 2.00, 2.00, 2.00, 2.00, 2, 'SECO', 'PENDIENTE', '2026-04-05 06:48:17'),
(362, 7501478316813, 'IBUPROFENO/CAFEINA 400/100 MG CON 10 CAPULAS', 'IBUPROFENO/CAFEINA', 33.84, 31.89, 30.61, 30.61, 442, 'SECO', 'PENDIENTE', '2026-04-05 06:48:17'),
(363, 7501537194130, 'INDANET 25 MG CON 30 CAPSULAS', 'INDOMETACINA - CAPSULA 25 MG C / 30', 18.45, 17.74, 17.03, 17.03, 444, 'SECO', 'PENDIENTE', '2026-04-05 06:48:17'),
(364, 7501547509023, 'INDARZONA 25 MG/0.5 MG CAJA CON 30 TABLETAS', 'DEXAMETASONA, INDOMETACINA - TABLETA 25 - 0.5 MG C / 30', 78.31, 75.30, 72.29, 72.29, 445, 'SECO', 'PENDIENTE', '2026-04-05 06:48:17'),
(365, 4045928000868, 'INFUSOMAT SPACE LINE B BRAUN', 'FILTRO DE INFUSION', 169.80, 166.66, 164.66, 165.50, 446, 'SECO', 'PENDIENTE', '2026-04-05 06:48:17'),
(366, 7501349021334, 'INSULINA HUMANA (RAPIDA) 100UI/10 ML  (RF)', 'INSULINA HUMANA 100.00 UI - ACCION RAPIDA', 107.62, 107.62, 107.62, 117.41, 5, 'RED FRIA', 'PENDIENTE', '2026-04-05 06:48:17'),
(367, 7506442703576, 'INTIARO 100 MG CON 21 CAPSULAS PALBOCICLIB (IBRANCE)', 'PALBOCICLIB (IBRANCE)', 46.00, 44.00, 42.00, 42.00, 447, 'SECO', 'PENDIENTE', '2026-04-05 06:48:17'),
(368, 7506442703583, 'INTIARO 125 MG CON 21 CAPSULAS PALBOCICLIB (IBRANCE)', 'PALBOCICLIB (IBRANCE)', 46.00, 44.00, 42.00, 42.00, 448, 'SECO', 'PENDIENTE', '2026-04-05 06:48:17'),
(369, 7506442702067, 'INTICI IMATINIB 400MG CON 30 TABLETAS', 'IMATINIB 400 MG', 3.00, 3.00, 3.00, 3.00, 449, 'SECO', 'PENDIENTE', '2026-04-05 06:48:17'),
(370, 7502222840332, 'IOR-LC 300 MCG/1 ML SOL. INY. CON 5 FRASCOS AMPULA (RF)', 'FILGRASTIM -', 1.00, 1.00, 1.00, 1.00, 14, 'RED FRIA', 'PENDIENTE', '2026-04-05 06:48:17'),
(371, 7503002773178, 'IPRASUAVELIN 0.5-2.5MG/2.5M SOL.NEBULIZACION CON 10 AMPULAS', 'BROMURO DE IPRATROPIO 0.50 MG SALBUTAMOL 2.50 MG - SOLUCION P / NEBULIZACION', 69.08, 66.43, 63.77, 63.77, 4, 'SECO', 'PENDIENTE', '2026-04-05 06:48:17'),
(372, 7502216936072, 'IRAMENOL 1 CAPSULA DE 125MG Y 2 CAPSULAS DE 80MG', 'APREPITANT', 1.00, 1.00, 1.00, 1.00, 450, 'SECO', 'PENDIENTE', '2026-04-05 06:48:17'),
(373, 7501349022492, 'IRBESARTAN 150 MG CON 28 TABLETAS', 'IRBESARTAN 150.00 MG', 100.98, 97.10, 93.22, 0.00, 5, 'SECO', 'PENDIENTE', '2026-04-05 06:48:17'),
(374, 7506442700605, 'IRBESARTAN 150 MG CON 28 TABLETAS CAMBER', 'IRBESARTAN -', 85.94, 77.35, 74.04, 74.04, 452, 'SECO', 'PENDIENTE', '2026-04-05 06:48:17'),
(375, 7506442700667, 'IRBESARTAN/HIDROCLOROTIAZIDA 300/12.5 MG CON 28 TABLETAS CAM', 'IRBESARTAN + HCTZ -', 154.70, 139.23, 133.28, 136.85, 454, 'SECO', 'PENDIENTE', '2026-04-05 06:48:17'),
(376, 785118752637, 'ITAMOL 262 MG CON 24 TABLETAS MASTICABLES', 'SUBSALICILATO DE BISMUTO - TABLETA MASTICABLE 262 MG C / 24', 37.23, 35.80, 34.37, 34.37, 456, 'SECO', 'PENDIENTE', '2026-04-05 06:48:17'),
(377, 759684313400, 'JALOMA 360 SOL. ANTISEPTICA FCO. ATOMIZADOR 60 ML. 60 PPM.', 'ANTISEPTICO SOLUCION TOPICA -', 52.66, 50.64, 48.61, 48.61, 457, 'SECO', 'PENDIENTE', '2026-04-05 06:48:17'),
(378, 7502224246033, 'JERINGA  1 ML (AMBIDERM) INSULINA CON AGUJA DESMONTABLE 29Gx', 'JERINGA INSULINA CON AGUJA DESMONTABLE', 1.50, 1.44, 1.38, 1.38, 459, 'SECO', 'PENDIENTE', '2026-04-05 06:48:17'),
(379, 4968420722291, 'JERINGA 10 ML (NIPRO) CON AGUJA 21GX32MM CON 1 PIEZA', 'JERINGA 10 mL. (Nipro) c/AGUJA 21Gx32mm. c/1 Pz.', 2.50, 2.40, 2.30, 2.30, 12, 'SECO', 'PENDIENTE', '2026-04-05 06:48:17'),
(380, 4968420726947, 'JERINGA 10 ML (NIPRO) CON AGUJA 22GX32MM CON 1 PIEZA', 'JERINGA 10 ML C/AGUJA 21GX32 MM. .', 2.80, 2.69, 2.58, 2.58, 460, 'SECO', 'PENDIENTE', '2026-04-05 06:48:17'),
(381, 7502224246149, 'JERINGA 10 ML. (AMBIDERM) CON AGUJA 21GX32MM. CON 1 PIEZA', 'JERINGA C / AGUJA 21 X32 - LONG NORMAL, COLOR VERDE', 2.79, 2.68, 2.58, 2.58, 7, 'SECO', 'PENDIENTE', '2026-04-05 06:48:17'),
(382, 4968420729481, 'JERINGA 1ML. (NIPRO) INSULINA C/AGUJA 27GX13MM. C/1 PZ.', 'JERINGA DE INSULINA C / AGUJA INTEGRADA 27 X13 -', 2.18, 2.10, 2.02, 2.02, 462, 'SECO', 'PENDIENTE', '2026-04-05 06:48:17'),
(383, 4968420727036, 'JERINGA 20 ML. (NIPRO) LUER LOCK SIN AGUJA CON 1 PIEZA', 'JERINGA SIN AGUJA 20 ML PUNTA LUER LOCK - ROSCA', 5.07, 4.88, 4.68, 4.68, 463, 'SECO', 'PENDIENTE', '2026-04-05 06:48:17'),
(384, 4968420731644, 'JERINGA 20 ML. (NIPRO) PIVOTE LUER LOCK SIN AGUJA CON 1 PIEZ', 'JERINGA SIN AGUJA 20ML. PUNTA LUER LOCK (ROSCA)', 3.74, 3.60, 3.46, 3.46, 14, 'SECO', 'PENDIENTE', '2026-04-05 06:48:17'),
(385, 4968420726312, 'JERINGA 3 ML AGUJA 21X32 VERDE CON 1 PIEZA', 'JERINGA 3 ML 21 X 32', 1.83, 1.76, 1.69, 1.69, 466, 'SECO', 'PENDIENTE', '2026-04-05 06:48:17'),
(386, 7502224246064, 'JERINGA 3 ML CON AGUJA 22GX32MM CON 1 PIEZA AMBIDERM', 'JERINGA  3 mL. (Ambiderm) c/AGUJA 22Gx32mm. c/1 Pz.', 1.38, 1.33, 1.27, 1.27, 468, 'SECO', 'PENDIENTE', '2026-04-05 06:48:17'),
(387, 7502224246101, 'JERINGA 5 ML (AMBIDERM) CON AGUJA 21GX32MM CON 1 PIEZA', 'JERINGA  5 mL. (Ambiderm) c/AGUJA 21Gx32mm. c/1 Pz.', 1.74, 1.68, 1.61, 1.61, 7, 'SECO', 'PENDIENTE', '2026-04-05 06:48:17'),
(388, 4968420726701, 'JERINGA 5 ML (NIPRO) CON AGUJA 22GX32MM CON 1 PIEZA', 'JERINGA C / AGUJA 22 X32 - LONG NORMAL, COLOR NEGRO', 2.05, 1.98, 1.90, 1.90, 470, 'SECO', 'PENDIENTE', '2026-04-05 06:48:17'),
(389, 4968420726671, 'JERINGA 5 ML. (NIPRO) CON AGUJA 21GX32MM CON 1 PIEZA', 'JERINGA C / AGUJA 21 X32 - LONG NORMAL, COLOR VERDE', 1.74, 1.68, 1.61, 1.61, 471, 'SECO', 'PENDIENTE', '2026-04-05 06:48:17'),
(390, 4968420731545, 'JERINGA 5 ML. (NIPRO) CON AGUJA 22GX32MM CON 1 PIEZA', 'JERINGA 5 ML AGUJA 22GX32MM', 1.95, 1.88, 1.80, 1.80, 11, 'SECO', 'PENDIENTE', '2026-04-05 06:48:17'),
(391, 6958694900349, 'JERINGA 50 ML. (NIPRO) PIVOTE LUER LOCK S/AGUJA CON 1 PIEZA.', 'JERINGA SIN AGUJA 50ML. PUNTA LUER LOCK (ROSCA)', 10.01, 9.63, 9.24, 9.24, 14, 'SECO', 'PENDIENTE', '2026-04-05 06:48:17'),
(392, 4968420731682, 'JERINGA 50 ML. (NIPRO) PIVOTE LUER LOCK SIN AGUJA CON 1 PIEZ', 'JERINGA SIN AGUJA 50ML. PUNTA LUER LOCK (ROSCA)', 10.01, 9.63, 9.24, 9.24, 473, 'SECO', 'PENDIENTE', '2026-04-05 06:48:17'),
(393, 7506022326737, 'JERINGA INSULINA 0.5ML (SENSIMED) CON AGUJA 31GX8MM CON 1 PI', 'JERINGA DE INSULINA C / AGUJA INTEGRADA 31 X 8 -', 2.42, 2.33, 2.23, 2.23, 474, 'SECO', 'PENDIENTE', '2026-04-05 06:48:17'),
(394, 7506442705693, 'JIMLY BEVACIZUMAB 100 MG SOL.INYECTABLE FRASCO 4 ML (RF)', 'BEVACIZUMAB', 3.00, 3.00, 2.00, 2.00, 475, 'RED FRIA', 'PENDIENTE', '2026-04-05 06:48:17'),
(395, 7506442705709, 'JIMLY BEVACIZUMAB 400 MG SOL.INYECTABLE FRASCO 16 ML (RF)', 'BEVACIZUMAB', 8.00, 8.00, 7.00, 7.00, 476, 'RED FRIA', 'PENDIENTE', '2026-04-05 06:48:17'),
(396, 7501573904847, 'JOMASAR 50 MG CON 30 TABLETAS', 'LOSARTAN 50.00 MG - 30 TABLETA 50 MG', 15.63, 15.03, 14.42, 14.42, 11, 'SECO', 'PENDIENTE', '2026-04-05 06:48:17'),
(397, 7501052712567, 'KABIDECS SOL. INY. 50% ENVASE 50 ML.', 'GLUCOSA 50%', 35.28, 33.93, 32.57, 32.57, 478, 'SECO', 'PENDIENTE', '2026-04-05 06:48:17'),
(398, 7506442702654, 'KAISAR GEFITINIB 250 MG ENVASE CON 30 TABLETAS', 'GEFITINIB 250 MG', 6.00, 5.00, 5.00, 5.00, 479, 'SECO', 'PENDIENTE', '2026-04-05 06:48:17'),
(399, 7500462933777, 'KALAMYN CREMA 8.14G/100ML TUBO CON 180 ML', 'CALAMINA - CREMA C / 180 ML', 31.33, 30.13, 28.92, 28.92, 482, 'SECO', 'PENDIENTE', '2026-04-05 06:48:17'),
(400, 7502251891145, 'KARXITRAN 2.5 MG CON 50 TABLETAS', 'METOTREXATO -', 193.38, 185.94, 166.60, 166.60, 485, 'SECO', 'PENDIENTE', '2026-04-05 06:48:17'),
(401, 8904091137473, 'KASDENAB 500 MG CON 60 TABLETAS', 'ABIRATERONA', 9.00, 7.00, 7.00, 7.00, 487, 'SECO', 'PENDIENTE', '2026-04-05 06:48:17'),
(402, 7502227873991, 'KATSORAAM 10 MG CON 10 TABLETAS', 'MONTELUKAST 10.00 MG - TABLETA ORAL', 15.00, 14.00, 12.50, 12.50, 3, 'SECO', 'PENDIENTE', '2026-04-05 06:48:17'),
(403, 780083140540, 'KENZOFLEX 500 MG CON 12 COMPRIMIDOS', 'CIPROFLOXACINO 500.00 MG - TABLETA ORAL', 28.13, 27.05, 25.97, 25.97, 8, 'SECO', 'PENDIENTE', '2026-04-05 06:48:17'),
(404, 7501385494215, 'KERAL 50MG/2ML CON 3 AMPULAS', 'DEXKETOPROFENO', 423.80, 407.50, 391.20, 391.20, 488, 'SECO', 'PENDIENTE', '2026-04-05 06:48:17'),
(405, 7501349024267, 'KETOROLACO 30MG/1ML SOL.INYECTABLE CON 3 AMPULAS AMSA', 'KETOROLACO - INYECTABLE 30 MG / ML C / 3', 15.37, 12.71, 12.20, 12.20, 490, 'SECO', 'PENDIENTE', '2026-04-05 06:48:17'),
(406, 7501349029040, 'KETOROLACO/TRAMADOL 10/25MG SOL.INYECTABLE CON 3 AMPULAS', 'KETOROLACO 10.00 MG TRAMADOL 25.00 MG - INYECTABLE', 42.81, 41.16, 39.52, 39.52, 492, 'SECO', 'PENDIENTE', '2026-04-05 06:48:17'),
(407, 4719003340018, 'KIT ANEROIDE DE TENSION ARTERIAL BASICO MOD. BP AG1-20', 'BAUMANOMETRO CON ESTETOSCOPIO', 385.15, 370.34, 355.52, 355.52, 4, 'SECO', 'PENDIENTE', '2026-04-05 06:48:17'),
(408, 759684273094, 'KIUTS MULTIAPLICADORES BIODEGRADABLES TARRO CON  50 PIEZAS', 'APLICADORES / HISOPOS DE ALGODON -', 10.19, 8.16, 7.84, 7.84, 493, 'SECO', 'PENDIENTE', '2026-04-05 06:48:17'),
(409, 7506442705969, 'KREFT 500MG/50ML SOLUCION INYECTABLE CON 1 FRASCO AMPULA (RF', 'RITUXIMAB', 10.00, 9.00, 8.00, 9.00, 494, 'RED FRIA', 'PENDIENTE', '2026-04-05 06:48:17'),
(410, 7501626700655, 'KRIT NF AL 12% SOLUCION DESINFECTANTE  ENVASE CON 500 ML.', 'DESINFECTANTE DE MATERIAL QUIRURGICO A BASE DE CLORURO DE BENZALCONIO (SOLUCION AL 12%).', 57.40, 55.19, 52.98, 52.98, 495, 'SECO', 'PENDIENTE', '2026-04-05 06:48:17'),
(411, 7501626700228, 'KRIT NF SOLUCION ANTISEPTICA 500 ML', 'INDICADO PARA DESINFECTAR INSTRUMENTAL QUIRURGICO', 0.00, 0.00, 0.00, 0.00, 5, 'SECO', 'PENDIENTE', '2026-04-05 06:48:17'),
(412, 7502240451022, 'LACDOL-S 30 MG SUBLINGUAL CON 6 TABLETAS', 'KETOROLACO SUBLINGUAL', 12.40, 9.94, 9.54, 9.54, 496, 'SECO', 'PENDIENTE', '2026-04-05 06:48:17'),
(413, 7506442701039, 'LACOSAMIDA 100 MG CON 28 TABLETAS CAMBER', 'LACOSAMIDA', 375.71, 309.65, 289.00, 289.00, 497, 'SECO', 'PENDIENTE', '2026-04-05 06:48:17'),
(414, 7506442701046, 'LACOSAMIDA 200 MG CON 28 TABLETAS CAMBER', 'LACOSAMIDA -', 721.84, 594.92, 555.26, 555.26, 502, 'SECO', 'PENDIENTE', '2026-04-05 06:48:17'),
(415, 7506442701022, 'LACOSAMIDA 50 MG CON 14 TABLETAS CAMBER', 'LACOSAMIDA', 111.15, 106.88, 102.60, 102.60, 504, 'SECO', 'PENDIENTE', '2026-04-05 06:48:17'),
(416, 7503008344303, 'LADEXGEL 300/10/2 MG  CON 12 TABLETAS', 'PARACETAMOL, DEXTROMETORFANO, LORATADINA - CAPSULA 300 - 10 - 2 MG C / 12', 33.88, 27.15, 26.06, 26.06, 507, 'SECO', 'PENDIENTE', '2026-04-05 06:48:17'),
(417, 7506442703224, 'LAMITE 20 MG CON 20 CAPSULAS TEMOZOLOMIDA', 'TEMOZOLOMIDA', 2.00, 2.00, 2.00, 2.00, 1, 'SECO', 'PENDIENTE', '2026-04-05 06:48:17'),
(418, 7501141908000, 'LAMPARA DE DIAGNOSTICO BOLSILLO', 'LAMPARA DIAGNOSTICO TIPO PLUMA EXAMEN MEDICO', 113.44, 90.90, 87.26, 87.26, 508, 'SECO', 'PENDIENTE', '2026-04-05 06:48:17'),
(419, 0, 'LAMPARA DE DIAGNOSTICO BOLSILLO', 'LAMPARA DIAGNOSTICO TIPO PLUMA EXAMEN MEDICO', 113.44, 90.90, 87.26, 87.26, 6, 'SECO', 'PENDIENTE', '2026-04-05 06:48:17'),
(420, 7502262412117, 'LANCETAS BENESTA DESECHABLES CON 100 PIEZAS', 'LANCETAS', 63.65, 51.00, 48.96, 48.96, 510, 'SECO', 'PENDIENTE', '2026-04-05 06:48:17'),
(421, 7502225093438, 'LANFETIL-500  500MG CON 50 TABLETAS', 'ACIDO MICOFENOLICO - MICOFENOLATO DE MOFETILO', 618.62, 594.83, 532.96, 532.96, 6, 'SECO', 'PENDIENTE', '2026-04-05 06:48:17'),
(422, 75022518900568, 'LARECIN 1 MG/ML FRASCO CON 5 ML IDARUBICINA SOL INYECTABLE', 'IDARUBICINA', 1.00, 1.00, 1.00, 1.00, 511, 'SECO', 'PENDIENTE', '2026-04-05 06:48:17'),
(423, 7502009742828, 'LARITOL 10 MG CAJA CON 20 TABLETAS', 'LORATADINA - TABLETA 10 MG C / 20', 10.27, 9.38, 9.00, 9.00, 512, 'SECO', 'PENDIENTE', '2026-04-05 06:48:17'),
(424, 7502009743856, 'LARITOL D 30/5MG CON 10 TABLETAS LIBERACION PROLONGADA', 'LORATADINA 5.00 MG FENILEFRINA 30.00 MG - TABLETA ORAL ADULTO', 45.21, 43.48, 41.74, 41.74, 514, 'SECO', 'PENDIENTE', '2026-04-05 06:48:17'),
(425, 7501463317016, 'LAVAOJOS DE PLASTICO (EDIGAR) CON 1 PIEZA', 'LAVAOJOS DE PLASTICO -', 4.21, 3.38, 3.24, 3.24, 515, 'SECO', 'PENDIENTE', '2026-04-05 06:48:17'),
(426, 7501573909293, 'LEFAREX 500 MG CON 7 TABLETAS', 'LEVOFLOXACINO', 21.59, 20.76, 19.93, 19.93, 516, 'SECO', 'PENDIENTE', '2026-04-05 06:48:17'),
(427, 7502226294872, 'LEMOPHAR  20MG/1ML SOL. INY. CON 3 AMPOLLETAS', 'BUTILHIOSCINA O HIOSCINA - SOLUCION INYECTABLE', 23.34, 22.44, 21.54, 21.54, 517, 'SECO', 'PENDIENTE', '2026-04-05 06:48:17'),
(428, 7502292930100, 'LENTES PROTECTORES UNITALLA POLICARBONATO CON 1 PIEZA', 'ENTES PROTECTORES', 42.58, 35.86, 32.49, 0.00, 519, 'SECO', 'PENDIENTE', '2026-04-05 06:48:17'),
(429, 785118753597, 'LESACLOR 50MG/1G CREMA TUBO CON 5 G', 'ACICLOVIR - CREMA 5% C / 5 G', 19.21, 18.48, 17.74, 17.74, 521, 'SECO', 'PENDIENTE', '2026-04-05 06:48:17'),
(430, 7267983313784, 'LESFAD 1G/100 G CREMA TUBO CON 30 GR', 'SULFADIAZINA DE PLATA - CREMA DERMICA', 28.07, 26.99, 25.91, 25.91, 522, 'SECO', 'PENDIENTE', '2026-04-05 06:48:17'),
(431, 7501471889307, 'LEUFOTEC 15 MG CON 12 TABLETAS', 'ACIDO FOLINICO -', 416.85, 400.82, 384.78, 384.78, 523, 'SECO', 'PENDIENTE', '2026-04-05 06:48:17'),
(432, 7506442700674, 'LEVETIRACETAM 1000 MG CON 30 TABLETAS CAMBER', 'LEVETIRACETAM -', 107.71, 103.56, 96.11, 96.93, 526, 'SECO', 'PENDIENTE', '2026-04-05 06:48:17'),
(433, 7506442700698, 'LEVETIRACETAM 500 MG CON 60 TABLETAS CAMBER', 'LEVETIRACETAM', 117.00, 112.50, 108.00, 112.50, 529, 'SECO', 'PENDIENTE', '2026-04-05 06:48:17'),
(434, 7506442702050, 'LEVETIRACETAM 500 MG/5 ML SOL. INY. CON 10 FRASCOS AMPULA', 'LEVETIRACETAM INYECTABLE - SOLUCION INYECTABLE', 2.00, 1.00, 1.00, 1.00, 531, 'SECO', 'PENDIENTE', '2026-04-05 06:48:17'),
(435, 17506442702050, 'LEVETIRACETAM 500 MG/5 ML SOL. INY. CON 10 FRASCOS AMPULA', 'LEVETIRACETAM INYECTABLE', 1.00, 1.00, 1.00, 1.00, 534, 'SECO', 'PENDIENTE', '2026-04-05 06:48:17'),
(436, 7501349020153, 'LEVOTIROXINA SODICA 100 MCG CON 100 TABLETAS', 'LEVOTIROXINA SODICA 100.00 MCG - 100 TABLETA 100 MCG', 64.86, 62.36, 59.87, 59.87, 6, 'SECO', 'PENDIENTE', '2026-04-05 06:48:17'),
(437, 7506442701794, 'LINEZOLID 600 MG CON 10 TABLETAS CAMBER', 'LINEZOLID 600 MG', 1.00, 1.00, 990.00, 990.00, 2, 'SECO', 'PENDIENTE', '2026-04-05 06:48:17'),
(438, 7506331300336, 'LINTAZ-4.5 SOL. INY. CON 1 FCO. AMP. 4/0.5 G. CON 1 FRASCO A', 'PIPERACILINA CON TAZOBACTAM', 123.76, 111.15, 95.20, 95.20, 2, 'SECO', 'PENDIENTE', '2026-04-05 06:48:17'),
(439, 17506331300336, 'LINTAZ-4.5 SOL. INY. CON 1 FCO. AMP. 4/0.5 G. CON 1 FRASCO A', 'PIPERACILINA CON TAZOBACTAM', 61.88, 55.58, 47.60, 47.60, 3, 'SECO', 'PENDIENTE', '2026-04-05 06:48:17'),
(440, 7501258203593, 'LONIXER 125 MG CON 10 TABLETAS', 'CLONIXINATO DE LISINA', 28.36, 26.28, 25.22, 25.22, 535, 'SECO', 'PENDIENTE', '2026-04-05 06:48:17'),
(441, 7501258203586, 'LONIXER 250 MG CON 10 TABLETAS', 'CLONIXINATO DE LISINA - TABLETA 250 MG C / 10', 33.97, 32.66, 31.36, 31.36, 536, 'SECO', 'PENDIENTE', '2026-04-05 06:48:17'),
(442, 7506442704153, 'LORICER 1 GR FRASCO AMPULA CON LIOFOLIZADO VANCOMICINA', 'VANCOMICINA', 207.00, 195.00, 178.00, 178.00, 538, 'SECO', 'PENDIENTE', '2026-04-05 06:48:17'),
(443, 7502009740244, 'LOROTEC 10 MG CON 10 TABLETAS', 'KETOROLACO', 8.16, 7.10, 6.82, 6.82, 541, 'SECO', 'PENDIENTE', '2026-04-05 06:48:17'),
(444, 7502009746154, 'LOROTEC F 30 MG CON 6 TABLETA SUBLINGUALES', 'KETOROLACO SUBLINGUAL', 12.15, 11.25, 10.80, 10.80, 543, 'SECO', 'PENDIENTE', '2026-04-05 06:48:17'),
(445, 7502009749001, 'LOROTEC-DUO C/10 CAPS. 10-25 MG.', 'KETOROLACO-TRAMADOL', 29.55, 28.41, 27.28, 27.28, 545, 'SECO', 'PENDIENTE', '2026-04-05 06:48:17'),
(446, 7501562722421, 'LULSADERM-H CREMA 1MG/1G TUBO CON 15 G', 'HIDROCORTISONA - CREMA TOPICA AL 0.1%', 32.50, 31.25, 30.00, 30.00, 546, 'SECO', 'PENDIENTE', '2026-04-05 06:48:17'),
(447, 7502009745546, 'LUMBOXEN (AZUL) GEL 10-2/100 GR TUBO CON 35 GR', 'NAPROXENO, LIDOCAINA - GEL C / 35 G', 49.34, 47.44, 45.54, 45.54, 547, 'SECO', 'PENDIENTE', '2026-04-05 06:48:17'),
(448, 7502009745539, 'LUMBOXEN (ROJO) GEL 10-2/100 GR TUBO CON 35 GR', 'NAPROXENO, LIDOCAINA - GEL C / 35 G', 49.34, 47.44, 45.54, 45.54, 549, 'SECO', 'PENDIENTE', '2026-04-05 06:48:17'),
(449, 7506442701947, 'LUVIREN-PRO 200/245 MG CON 30 TABLETAS', 'EMTRICITABINA , TENOFOVIR -', 1.00, 1.00, 1.00, 1.00, 551, 'SECO', 'PENDIENTE', '2026-04-05 06:48:17'),
(450, 7501058796882, 'LYSOL AEROSOL SPRAY DESINFECTANTE MULTISUPERFICIES', 'DESINFECTANTE DE SUPERFICIES EN SPRAY', 112.92, 108.58, 104.23, 104.23, 553, 'RED FRIA', 'PENDIENTE', '2026-04-05 06:48:17'),
(451, 7502009740251, 'MAFENA GEL 1.16% TUBO CON 60 G', 'DICLOFENACO - GEL 1.16% C / 60 G', 27.74, 26.68, 25.61, 25.61, 12, 'SECO', 'PENDIENTE', '2026-04-05 06:48:17'),
(452, 8904091187324, 'MANDIKOZ 12.5MG CON 12 SOBRES', 'IMIQUIMOD', 258.90, 258.90, 258.90, 258.90, 7, 'SECO', 'PENDIENTE', '2026-04-05 06:48:17'),
(453, 736085278507, 'MANZANILLA SOPHIA 0.25MG/ML 15 ML SOL.OFTALMICA', 'MATRICARIA CHAMOMILLA SOL. OFTALMICA', 0.00, 0.00, 0.00, 0.00, 6, 'SECO', 'PENDIENTE', '2026-04-05 06:48:17'),
(454, 7506022330895, 'MASCARILLA CON NEBULIZADOR 6 ML ADULTO CON 1 PIEZA SENSIMEDI', 'MASCARILLA CON NEBULIZADOR ADULTO', 43.69, 42.01, 40.33, 40.33, 555, 'SECO', 'PENDIENTE', '2026-04-05 06:48:17'),
(455, 4525605566, 'MASCARILLA RCP REUTILIZABLE CON ESTUCHE', 'MASCARILLA DE PRIMEROS AUXILIOS, CON VALVULA DE UNA SOLA VIA', 166.19, 159.80, 153.41, 153.41, 1, 'SECO', 'PENDIENTE', '2026-04-05 06:48:17'),
(456, 785120754087, 'MAVICAM 15MG CON 10 TABLETAS', 'MELOXICAM - TABLETA 15 MG C / 10', 11.08, 10.65, 10.22, 10.48, 558, 'SECO', 'PENDIENTE', '2026-04-05 06:48:17'),
(457, 785120755022, 'MAVIDOL TR 25-10 MG CON 4 TABLETAS SUBLINGUAL', 'TRAMADOL, KETOROLACO - TABLETA SUBLINGUAL 25 - 10 MG C / 4', 32.50, 31.25, 30.00, 30.00, 559, 'SECO', 'PENDIENTE', '2026-04-05 06:48:17'),
(458, 7502001162525, 'MECLISON 50MG/25MG CAJA CON 20 TABLETAS', 'PIRIDOXINA, MECLIZINA - TABLETA 50 - 25 MG C / 20', 26.25, 25.24, 24.23, 24.23, 560, 'SECO', 'PENDIENTE', '2026-04-05 06:48:17'),
(459, 7501165002920, 'MELOX PLUS MASTICABLE MENTA CON 30 TABLETAS', 'ALUMINIO / MAGNESIO / DIMETiCONA', 97.68, 93.93, 90.17, 90.17, 561, 'SECO', 'PENDIENTE', '2026-04-05 06:48:17'),
(460, 7501258214766, 'MENIROL 20-10 MG CON 28 TABLETAS', 'SIMVASTATINA, EZETIMIBA - TABLETA 20 - 10 MG C / 28', 110.94, 106.68, 102.41, 102.41, 563, 'SECO', 'PENDIENTE', '2026-04-05 06:48:17'),
(461, 759684313295, 'MERTODOL BLANCO SOLUCION CON ATOMIZADOR 60 ML.', 'CLORURO DE BENZALCONIO - SOLUCION ANTISEPTICA TINTURA AL 0.25%', 30.08, 28.93, 27.77, 27.77, 564, 'SECO', 'PENDIENTE', '2026-04-05 06:48:17'),
(462, 7501573900016, 'MESSELDAZOL 500 MG CON 20 TABLETAS', 'METRONIDAZOL - TABLETA 500 MG C / 20', 15.68, 15.08, 14.47, 14.47, 566, 'SECO', 'PENDIENTE', '2026-04-05 06:48:17'),
(463, 7501349022126, 'METAMIZOL SODICO 1 G/2 ML CON 3 AMPULAS AMSA', 'METAMIZOL SODICO - INYECTABLE 1 G C / 3', 22.78, 21.90, 21.02, 21.02, 567, 'SECO', 'PENDIENTE', '2026-04-05 06:48:17'),
(464, 7501349022140, 'METFORMINA 850 MG CON 30 TABLETAS', 'METFORMINA', 17.73, 17.05, 16.37, 16.37, 2, 'SECO', 'PENDIENTE', '2026-04-05 06:48:17'),
(465, 7501349025233, 'METILPREDNISOLONA 40MG/1ML FRASCO AMPULA CON 2 ML AMSA', 'METILPREDNISOLONA - INYECTABLE 40 MG / ML C / 1', 63.64, 61.19, 58.74, 58.74, 569, 'SECO', 'PENDIENTE', '2026-04-05 06:48:17'),
(466, 7501384547929, 'METOCLOPRAMIDA 10 MG/2 ML SOLUCION INYECTABLE CON 6 AMPULAS', 'METOCLOPRAMIDA', 18.95, 18.23, 17.50, 17.50, 571, 'SECO', 'PENDIENTE', '2026-04-05 06:48:17'),
(467, 821998000700, 'METOPROLOL 100 MG CON 20 TABLETAS', 'METOPROLOL', 11.01, 10.59, 10.16, 10.16, 573, 'SECO', 'PENDIENTE', '2026-04-05 06:48:17'),
(468, 7503001007168, 'MEXAPIN 500 MG CON 20 CAPSULAS', 'AMPICILINA - CAPSULA 500 MG C / 20', 31.95, 30.73, 29.50, 29.50, 575, 'SECO', 'PENDIENTE', '2026-04-05 06:48:17'),
(469, 7506442703804, 'MICOFELONATO DE MOFETILO 500 MG CON 50 TABLETAS', 'MICOFELONATO DE MOFETILO', 427.93, 415.18, 395.01, 395.01, 576, 'SECO', 'PENDIENTE', '2026-04-05 06:48:17'),
(470, 7503006698323, 'MICRODACYN SOL. ANTISEPTICA FCO. ATOMIZADOR 240 ML. 55 PPM.', 'ANTISEPTICO SOLUCION TOPICA - 1 SOLUCION 240 ML', 285.54, 285.54, 285.54, 285.54, 1, 'SECO', 'PENDIENTE', '2026-04-05 06:48:17'),
(471, 7501023108894, 'MICROPORE COL. PIEL  2.5CMX 5M. BOLSA CON 1 NEXCARE', 'CINTA ADHESIVA MICROPOROSA DE PAPEL COLOR PIEL -', 21.28, 20.46, 19.64, 19.64, 577, 'SECO', 'PENDIENTE', '2026-04-05 06:48:17'),
(472, 7502010581799, 'MIFISUR DIABETES CON 30 TABLETAS', 'COMPLEJO B PARA DIABETICOS', 28.64, 27.54, 26.44, 26.44, 3, 'SECO', 'PENDIENTE', '2026-04-05 06:48:17'),
(473, 7501109763214, 'MIGRAÑA 250/250/65 MG CON 24 TABLETAS (PERRIGO)', 'PARACETAMOL , ACIDO ACETILSALICILICO , CAFEINA - 24 TABLETA 250 / 250 / 65 MG', 49.00, 47.11, 45.23, 45.23, 578, 'SECO', 'PENDIENTE', '2026-04-05 06:48:17'),
(474, 7506429601055, 'MIOCERKEL 20 MG SOL.INY.Y CON FRASCO AMPULA DILUYENTE (RF)', 'DOCETAXEL', 573.30, 551.25, 493.92, 529.20, 579, 'RED FRIA', 'PENDIENTE', '2026-04-05 06:48:17'),
(475, 7506429601062, 'MIOCERKEL 80 MG/2 ML DOCETAXEL (RF)', 'DOCETAXEL', 1.00, 1.00, 1.00, 1.00, 581, 'RED FRIA', 'PENDIENTE', '2026-04-05 06:48:17'),
(476, 7502227426982, 'ML-PRIM 375MG/200MG CON 12 CAPSULAS', 'METOCARBAMOL 375.00 MG IBUPROFENO 200.00 MG - 12 CAPSULA 357 MG / 200 MG', 50.05, 48.13, 46.20, 46.20, 583, 'SECO', 'PENDIENTE', '2026-04-05 06:48:17'),
(477, 0, 'MOCHILA BOTIQUIN PARAMEDICO', 'MEDIDAS  47 x 25 x 30', 654.88, 629.69, 604.50, 604.50, 584, 'SECO', 'PENDIENTE', '2026-04-05 06:48:17'),
(478, 7502001162365, 'MORNIN 40 MG CAJA CON 7 CAPSULAS', 'OMEPRAZOL 40.00 MG - CAPSULA ORAL', 17.66, 14.15, 13.58, 13.58, 585, 'SECO', 'PENDIENTE', '2026-04-05 06:48:17'),
(479, 7501165011434, 'MUCOANGIN MENTA 20MG CON 18 PASTILLAS', 'AMBROXOL 20 MG', 115.55, 115.55, 115.55, 115.55, 4, 'SECO', 'PENDIENTE', '2026-04-05 06:48:17'),
(480, 7502276680175, 'MUNEQUERA BOOMERANG P/PULGAR UNIVERSAL CON 1 PIEZA', 'MUNEQUERA DE NEOPRENO AJUSTABLE CON FERULA DE ALUMINIO', 194.35, 179.95, 172.75, 172.75, 586, 'SECO', 'PENDIENTE', '2026-04-05 06:48:17'),
(481, 7502251890193, 'MUPAREL 50 MG CON 50 TABLETAS', 'AZATIOPRINA', 0.00, 0.00, 0.00, 0.00, 587, 'SECO', 'PENDIENTE', '2026-04-05 06:48:17'),
(482, 7502211788720, 'MYSNAMOC SOLUCION P/NEBN. CON 5 AMPTAS. 2 ML. 200 MG/1 ML.', 'ACETILCISTEINA (SOL. P/INHALACION)', 2.00, 1.00, 1.00, 1.00, 588, 'SECO', 'PENDIENTE', '2026-04-05 06:48:17'),
(483, 7502256040098, 'NADINKEL 1 SOL NASAL 89MCG/ 2.5 ML - 25 DOSIS - SOLUCION P /', 'DESMOPRESINA 89.00 MCG - NASAL', 0.00, 0.00, 0.00, 0.00, 589, 'SECO', 'PENDIENTE', '2026-04-05 06:48:17'),
(484, 7502222840882, 'NAFAZOLINA OFTLMICA 1 MG CON 15 ML', 'NAFAZOLINA', 24.40, 23.40, 22.40, 22.40, 591, 'SECO', 'PENDIENTE', '2026-04-05 06:48:17'),
(485, 7506453900346, 'NALOPRES 250 MG CON 2 AMPULAS DE 10 ML ESMOLOL', 'ESMOLOL', 3.00, 2.00, 2.00, 2.00, 593, 'SECO', 'PENDIENTE', '2026-04-05 06:48:17'),
(486, 7501349020320, 'NAPROXENO 250 MG CON 30 TABLETAS', 'NAPROXENO 250.00 MG - TABLETA ORAL', 20.80, 20.00, 19.20, 19.20, 595, 'SECO', 'PENDIENTE', '2026-04-05 06:48:17'),
(487, 7502226291925, 'NAPROXENO SODICO 550 MG CON 12 TABLETAS', 'NAPROXENO 550.00 MG - TABLETA ORAL', 27.21, 26.16, 25.12, 25.12, 596, 'SECO', 'PENDIENTE', '2026-04-05 06:48:17'),
(488, 7501075724189, 'NARODEX 6 MG/2 ML. SOL. INY. CON 6 AMPULAS', 'ADENOSINA 6 MG - SOLUCION INYECTABLE', 1.00, 1.00, 1.00, 1.00, 597, 'SECO', 'PENDIENTE', '2026-04-05 06:48:17'),
(489, 7503038849038, 'NATURI SABOR COCO SOBRE CON 20 GR', 'ELECTROLITOS EN POLVO', 2.54, 2.44, 2.34, 2.34, 599, 'SECO', 'PENDIENTE', '2026-04-05 06:48:17'),
(490, 7506022315038, 'NAVONTEC 8MG/4ML CON 3 AMPULAS', 'ONDANSETRON 8.00 MG - SOLUCION INYECTABLE', 60.50, 58.18, 55.85, 55.85, 600, 'SECO', 'PENDIENTE', '2026-04-05 06:48:17'),
(491, 7506442702296, 'NEBIVOLOL 5 MG CON 28 TABLETAS CAMBER', 'NEBIVOLOL', 241.80, 223.20, 213.90, 218.90, 3, 'SECO', 'PENDIENTE', '2026-04-05 06:48:17'),
(492, 7502211789871, 'NEOSEDAL DUO 20 MG-2.5 G/5 ML.SOL INYECTABLE CAJA CON 5 AMPU', 'BUTILHIOSCINA / METAMIZOL SODICO', 122.72, 101.14, 94.40, 94.40, 601, 'SECO', 'PENDIENTE', '2026-04-05 06:48:17'),
(493, 7501023108856, 'NEXCARE MICROPORE BLANCO ROLLO 2.5X 5M. BOLSA CON 1 PIEZA', 'CINTA ADHESIVA MICROPOROSA DE PAPEL COLOR BLANCO -', 21.28, 20.46, 19.64, 19.64, 603, 'SECO', 'PENDIENTE', '2026-04-05 06:48:17'),
(494, 650240010538, 'NEXT MINI 500-25-8-4MG CON 10 TABLETAS', 'PARACETAMOL 500.00 MG - CLORFENAMINA COMPUESTA', 27.22, 26.18, 25.13, 25.13, 604, 'SECO', 'PENDIENTE', '2026-04-05 06:48:17'),
(495, 7502216803978, 'NIFEDIPINO 30 CAPS 30 MG - 30 - COMPRIMIDO - 30 MG', 'NIFEDIPINO 30.00 MG - 30 CAPSULA 30 MG', 40.59, 39.03, 37.46, 37.46, 605, 'SECO', 'PENDIENTE', '2026-04-05 06:48:17'),
(496, 7500463184543, 'NIMARIL 300 MG/50 ML. CON FILTRO SOL. INY. CON 1 FCO. AMP.', 'PACLITAXEL 300 MG', 1.00, 1.00, 960.00, 960.00, 606, 'SECO', 'PENDIENTE', '2026-04-05 06:48:17'),
(497, 7500463184550, 'NIMARIL SOL. INY. C/1 FCO. AMP. 30 MG/5 ML.', 'PACLITAXEL 30 MG -', 234.00, 225.00, 216.00, 216.00, 608, 'SECO', 'PENDIENTE', '2026-04-05 06:48:17'),
(498, 7501075722253, 'NINEKA 129/280/30 MG CON 20 TABLETAS', 'NEOMICINA 129MG-CAOLIN 280MG-PECTINA 30MG', 56.52, 54.35, 52.18, 52.18, 4, 'SECO', 'PENDIENTE', '2026-04-05 06:48:17'),
(499, 7502241151679, 'NORMOGOTERO UNISET (E.P.V.)  ESTERIL SIN AGUJA CON 1 PIEZA.', 'EQUIPO P / VENOCLISIS NORMOGOTERO -', 11.52, 11.08, 10.63, 10.63, 609, 'SECO', 'PENDIENTE', '2026-04-05 06:48:17'),
(500, 7501075726268, 'NOVAMEXAN SOL.INY C/1 FCO. AMP. 15 UI/10 ML (RF)', 'BLEOMICINA', 1.00, 1.00, 1.00, 1.00, 15, 'RED FRIA', 'PENDIENTE', '2026-04-05 06:48:17'),
(501, 7501075727159, 'NOVOFROX 400 MG CON 7 TABLETAS', 'MOXIFLOXACINO', 110.80, 106.54, 102.28, 102.28, 611, 'SECO', 'PENDIENTE', '2026-04-05 06:48:17'),
(502, 7506335700408, 'NUVAPLAST 450MG/45ML SOLUCION INYECTABLE CARBOPLATINO', 'CARBOPLATINO - 450 MG / 45 ML / 1 FRASCO AMPULA', 732.00, 702.00, 690.00, 690.00, 612, 'SECO', 'PENDIENTE', '2026-04-05 06:48:17'),
(503, 7501566800002, 'NYLON AZUL (AMERICAN) CAL. 2-0/L: 45CM/AGUJA ACE-4 SOB. CON', 'SUTURA MONOFILAMENTO DE NYLON', 32.32, 31.08, 29.83, 29.83, 615, 'SECO', 'PENDIENTE', '2026-04-05 06:48:17'),
(504, 7501566800248, 'NYLON AZUL (AMERICAN) CAL. 3-0/L: 45CM/AGUJA ACE-4 SOB. CON', 'SUTURA MONOFILAMENTO DE NYLON', 32.32, 31.08, 29.83, 29.83, 618, 'SECO', 'PENDIENTE', '2026-04-05 06:48:17'),
(505, 7501566801030, 'NYLON AZUL (AMERICAN) CAL. 4-0/L: 45CM/AGUJA ACE-4 SOB. C/1', 'SUTURA MONOFILAMENTO DE NYLON', 32.32, 31.08, 29.83, 29.83, 619, 'SECO', 'PENDIENTE', '2026-04-05 06:48:17'),
(506, 7501566801139, 'NYLON AZUL (AMERICAN) CAL. 5-0/L: 45CM/AGUJA ACE-4 SOB. CON', 'SUTURA MONOFILAMENTO DE NYLON', 36.99, 35.56, 34.14, 34.14, 621, 'SECO', 'PENDIENTE', '2026-04-05 06:48:17'),
(507, 7502227876077, 'OCIPLOS 30 MG CON 30 TABLETAS', 'MIRTAZAPINA - TABLETA 30 MG C / 30', 237.42, 228.29, 219.16, 219.16, 622, 'SECO', 'PENDIENTE', '2026-04-05 06:48:17'),
(508, 7501573910428, 'OCRIX 5 MG CON 50 TABLETAS', 'GLIBENCLAMIDA - TABLETA 5 MG C / 50', 9.36, 9.00, 8.64, 8.64, 624, 'SECO', 'PENDIENTE', '2026-04-05 06:48:17'),
(509, 7502245841118, 'ODECATRENOL SOL. INY. C/1 FCO. AMP. 0.25 MG/5 ML.', 'PALONOSETRON - SOLUCION INYECTABLE', 370.50, 342.00, 319.20, 322.05, 625, 'SECO', 'PENDIENTE', '2026-04-05 06:48:17'),
(510, 7503002773147, 'OKZAK 1 MG CON 28 COMPRIMIDOS CINITAPRIDA', 'CINITAPRIDA - COMPRIMIDO 1 MG C / 25', 16.25, 15.63, 15.00, 15.00, 626, 'SECO', 'PENDIENTE', '2026-04-05 06:48:17'),
(511, 7506442700780, 'OLMESARTAN 40 MG CON 28 TABLETAS CAMBER', 'OLMESARTAN -', 184.60, 166.14, 159.04, 163.30, 5, 'SECO', 'PENDIENTE', '2026-04-05 06:48:17'),
(512, 7506442700827, 'OLMESARTAN/HIDROCLOROTIAZIDA 40/12.5 MG CON 28 TABLETAS CAMB', 'OLMESARTAN + HCTZ -', 135.21, 130.01, 135.21, 135.21, 627, 'SECO', 'PENDIENTE', '2026-04-05 06:48:17'),
(513, 7506022330598, 'OMIZELON 40 MG/10 ML.SOLUCION INYECTABLE CON 1 AMPULA', 'OMEPRAZOL', 24.26, 23.33, 22.39, 22.95, 2, 'SECO', 'PENDIENTE', '2026-04-05 06:48:17'),
(514, 7501842901065, 'OMYGEN 20 MG CON 14 CAPSULAS', 'OMEPRAZOL 20.00 MG - CAPSULA ORAL', 9.61, 9.24, 8.87, 8.87, 7, 'SECO', 'PENDIENTE', '2026-04-05 06:48:17'),
(515, 7501842900068, 'OMYGEN 20 NG CON 14 CAPSULAS', 'OMEPRAZOL', 9.45, 9.09, 8.72, 8.72, 628, 'SECO', 'PENDIENTE', '2026-04-05 06:48:17'),
(516, 7506442704191, 'ONABIRE 250 MG CON  TABLETAS ABIRATERONA (ZYTIGA)', 'ABIRATERONA 250 MG (ZYTIGA)', 27.00, 26.00, 25.00, 25.00, 631, 'SECO', 'PENDIENTE', '2026-04-05 06:48:17'),
(517, 7506442704207, 'ONABIRE 500 MG CON 60 TABLETAS ABIRATERONA (ZYTIGA)', 'ABIRATERONA 500 MG (ZYTIGA)', 27.00, 26.00, 25.00, 25.00, 632, 'SECO', 'PENDIENTE', '2026-04-05 06:48:17'),
(518, 7613427011776, 'ONE TOUCH SELECT PLUS TIRAS REACTI VAS CON 50', 'TIRAS REACTIVAS PARA GLUCOSA (PARA MODELO ONE TOUCH SECELT PLUS FLEX)', 322.53, 322.53, 322.53, 322.53, 6, 'SECO', 'PENDIENTE', '2026-04-05 06:48:17'),
(519, 353885771504, 'ONE TOUCH ULTRA TIRAS REACTIVAS CAJA CON 50', 'TIRAS REACTIVAS P/GLUCOSA (PARA MODELOS ONE tOUCH ULTRA MINI Y ULTRA 2)', 333.54, 333.54, 333.54, 333.54, 1, 'SECO', 'PENDIENTE', '2026-04-05 06:48:17'),
(520, 7502001167087, 'ORTORA SOL. OTICA FCO. GOTERO 20 ML. 0.350-2.0 G/100 ML. - 2', 'NEOMICINA , LIDOCAINA - OTICO', 25.81, 24.81, 23.82, 23.82, 633, 'SECO', 'PENDIENTE', '2026-04-05 06:48:17'),
(521, 7502245840180, 'ORVIFALIS 60 MG/2 ML SOL. INY. AON 6 AMPOLLETAS', 'ORFENADRINA', 143.00, 132.00, 123.20, 123.20, 634, 'SECO', 'PENDIENTE', '2026-04-05 06:48:17'),
(522, 750442705365, 'OSELTAMIVIR 6MG SUSPENSION CAMBER', 'OSELTAMIVIR SUSPENSION', 170.68, 163.68, 156.69, 156.69, 636, 'SECO', 'PENDIENTE', '2026-04-05 06:48:17'),
(523, 7506442702333, 'OSELTAMIVIR 75 MG CON 10 TABLETAS CAMBER', 'OSELTAMIVIR', 156.30, 133.38, 127.68, 127.68, 638, 'SECO', 'PENDIENTE', '2026-04-05 06:48:17'),
(524, 7501573900290, 'OVISEN 20 MG CON 14 TABLETAS', 'FLUOXETINA - TABLETA 20 MG C / 14', 11.71, 11.26, 10.81, 10.81, 640, 'SECO', 'PENDIENTE', '2026-04-05 06:48:17'),
(525, 7506335700552, 'OXFON AC ZOLEDRONICO - 4 MG / 5 ML / 1 FRASCO AMPULA', 'AC ZOLEDRONICO - 4 MG / 5 ML / 1 FRASCO AMPULA', 520.00, 500.00, 480.00, 480.00, 641, 'SECO', 'PENDIENTE', '2026-04-05 06:48:17'),
(526, 0, 'OXIMETRO DE PULSO PARA DEDO ADULTO CON 1 PIEZA.', 'OXIMETRO DE PULSO (PULSIOXIMETRO).', 104.07, 76.53, 61.22, 61.22, 642, 'SECO', 'PENDIENTE', '2026-04-05 06:48:17'),
(527, 7502241150153, 'OXISET VASO HUMIDIFICADOR CON 1 PIEZA.', 'VASO HUMIDIFICADOR -', 68.92, 63.81, 61.26, 61.26, 643, 'SECO', 'PENDIENTE', '2026-04-05 06:48:17'),
(528, 7501075722543, 'PABESORAG 150/12.5 MG CON 28 TABLETAS', 'IRBESARTAN , HIDROCLOROTIAZIDA 150 / 12.5 MG -', 71.36, 68.61, 65.87, 65.87, 644, 'SECO', 'PENDIENTE', '2026-04-05 06:48:17'),
(529, 7501471800265, 'PANCLASA 80/80 MG CON 20 CAPSULAS', 'FLOROGLUCINOL, TRIMETILFLOROGLUCINOL', 189.77, 182.48, 175.18, 175.18, 645, 'SECO', 'PENDIENTE', '2026-04-05 06:48:17'),
(530, 7501109760671, 'PARACETAMOL 650 MG  CON 24 TABLETAS PERRIGO', 'PARACETAMOL 650 MG - TABLETA ORAL', 18.17, 17.48, 16.78, 16.78, 646, 'SECO', 'PENDIENTE', '2026-04-05 06:48:17'),
(531, 8901120014668, 'PARKPEX XR 0.75MG CON 10 TABLETAS', 'PRAMIPEXOL', 1.00, 1.00, 986.11, 986.11, 647, 'SECO', 'PENDIENTE', '2026-04-05 06:48:17'),
(532, 780083140076, 'PASMODIL 250/20 MG SOL. INYECTABLE CON 1 AMPOLLETA', 'METAMIZOL SODICO 250.00 MG BROMURO DE BUTILHIOSCINA 20.00 MG - SOLUCION INYECTABLE', 31.40, 30.19, 28.98, 28.98, 648, 'SECO', 'PENDIENTE', '2026-04-05 06:48:17'),
(533, 7501001155209, 'PEPTO BISMOL TIRA CON 24 PASTILLAS', 'SUBSALICILATO DE BISMUTO 262.50 MG - 24 TABLETA 236 MG', 87.50, 84.00, 80.50, 80.50, 649, 'SECO', 'PENDIENTE', '2026-04-05 06:48:17'),
(534, 7506358100025, 'PEYONA 20MG 10FCOS 1ML AMP', '', 3.00, 3.00, 3.00, 3.00, 650, 'SECO', 'PENDIENTE', '2026-04-05 06:48:17'),
(535, 7502223111202, 'PHARMACAINE AL 10% FRASCO ATOMIZADOR CON 115 ML', 'LIDOCAINA - SOLUCION 10% C / 115 ML', 138.71, 133.38, 128.04, 128.04, 651, 'SECO', 'PENDIENTE', '2026-04-05 06:48:17'),
(536, 7502227871935, 'P-HYSPLAN 1 MG CON 60 GRAGEAS', 'SIROLIMUS', 2.00, 1.00, 1.00, 1.00, 652, 'SECO', 'PENDIENTE', '2026-04-05 06:48:17'),
(537, 7506022315298, 'PIMERZEN SOL. INY. C/1 FCO. AMP. 1 G/10 ML.', 'CEFEPIMA 1 G - 1 FRASCO 1 G / 10 ML', 64.78, 62.29, 59.80, 59.80, 653, 'SECO', 'PENDIENTE', '2026-04-05 06:48:17'),
(538, 17501125158292, 'PINADRINA 1G INYECTABLE AMP. 1ML CON 1 PIEZA', 'EPINEFRINA 1MG SOLUCIONES/ADRENALINA', 9.35, 8.99, 8.63, 8.63, 11, 'SECO', 'PENDIENTE', '2026-04-05 06:48:17'),
(539, 7501125158292, 'PINADRINA 1MG/ML CAJA CON 50 AMPULAS', 'EPINEFRINA/ADRENALINA', 367.92, 367.92, 367.92, 367.92, 14, 'SECO', 'PENDIENTE', '2026-04-05 06:48:17'),
(540, 7501349021211, 'PIOGLITAZONA 15 MG CON 7 TABLETAS AMSA', 'PIOGLITAZONA - TABLETA 15 MG C / 7', 13.55, 13.03, 12.50, 12.50, 655, 'SECO', 'PENDIENTE', '2026-04-05 06:48:17'),
(541, 7502216797376, 'PIROXICAM 20 MG CAJA CON 20 TABLETAS ULTRA', 'PIROXICAM 20 MG', 11.89, 11.01, 10.57, 10.57, 15, 'SECO', 'PENDIENTE', '2026-04-05 06:48:17'),
(542, 7501563380354, 'PIROXICAM 20 MG CON 20 TABLETAS', 'PIROXICAM', 10.96, 10.54, 10.12, 10.12, 657, 'SECO', 'PENDIENTE', '2026-04-05 06:48:17'),
(543, 7501125112881, 'PISACAINA 2% AMPULA DE 50 ML 20 MG/1 ML.', 'LIDOCAINA - SOLUCION 2% FRASCO C / 50 ML', 83.01, 79.81, 76.62, 76.62, 658, 'SECO', 'PENDIENTE', '2026-04-05 06:48:17'),
(544, 7501125112935, 'PISACAINA 2% CON EPINEFRINA SOL. INY. 50 ML. CON 1 FCO. AMP.', 'LIDOCAINA , EPINEFRINA - SOLUCION INYECTABLE', 83.24, 80.04, 76.84, 76.84, 7, 'SECO', 'PENDIENTE', '2026-04-05 06:48:17'),
(545, 7506429600874, 'PLACART CARBOPLATINO 150MG/15ML', 'CARBOPLATINO', 633.36, 570.02, 545.66, 545.66, 659, 'SECO', 'PENDIENTE', '2026-04-05 06:48:17'),
(546, 780083140588, 'PLUSGEL 200-200-20MG CON 50 TABLETAS', 'ALUMINIO, MAGNESIO, DIMETICONA', 46.24, 44.46, 42.68, 42.68, 661, 'SECO', 'PENDIENTE', '2026-04-05 06:48:17');
INSERT INTO `productos` (`id`, `codigo`, `nombre`, `sustancia`, `precio_empresa`, `precio_farmacia`, `precio_distribuidor`, `precio_red_fria`, `orden`, `tipo`, `imagen`, `created_at`) VALUES
(547, 780083140595, 'PLUSGEL 4-3.7-0.5 G/100 SUSPENSION FRASCO CON 360 ML', 'MAGNESIO, ALUMINIO, DIMETICONA - SUSPENSION C / 360 ML', 39.30, 37.79, 36.28, 36.28, 663, 'SECO', 'PENDIENTE', '2026-04-05 06:48:17'),
(548, 7501349028364, 'POPRAM 40 MG CON 14 TABLETAS', 'PANTOPRAZOL - TABLETA 40 MG C / 14', 29.88, 28.74, 27.59, 27.59, 664, 'SECO', 'PENDIENTE', '2026-04-05 06:48:17'),
(549, 7502208894960, 'PORTEM 500 MG CON 10 TABLETAS', 'PARACETAMOL', 4.93, 4.74, 4.55, 4.55, 665, 'SECO', 'PENDIENTE', '2026-04-05 06:48:17'),
(550, 7502208894977, 'PORTEM 750 MG CON 10 TABLETAS', 'PARACETAMOL', 10.28, 9.74, 9.35, 9.35, 667, 'SECO', 'PENDIENTE', '2026-04-05 06:48:17'),
(551, 7500463184529, 'POSCIROL 1 MG. CON 28 TABLETAS', 'ANASTROZOL -', 292.50, 281.25, 270.00, 270.00, 669, 'SECO', 'PENDIENTE', '2026-04-05 06:48:17'),
(552, 7506442702616, 'PREGABALINA (CAMBER) C/28 TABS. 150 MG.', 'PREGABALINA', 85.02, 76.52, 73.25, 75.21, 5, 'SECO', 'PENDIENTE', '2026-04-05 06:48:17'),
(553, 7506442702593, 'PREGABALINA 75MG CON 28 TABLETAS CAMBER', 'PREGABALINA', 49.53, 44.58, 42.67, 43.82, 8, 'SECO', 'PENDIENTE', '2026-04-05 06:48:17'),
(554, 7501089801678, 'PRIMOGYN 2 MG CON 28 TABLETAS', 'VALERATO DE ESTRADIOL', 529.10, 508.75, 488.40, 488.40, 672, 'SECO', 'PENDIENTE', '2026-04-05 06:48:17'),
(555, 7502251891749, 'PROFELAM 1 MG CON 100 CAPSULAS', 'TACROLIMUS', 0.00, 0.00, 0.00, 0.00, 674, 'SECO', 'PENDIENTE', '2026-04-05 06:48:17'),
(556, 7502251891732, 'PROFELAM 1 MG CON 50 CAPSULAS', 'TACROLIMUS', 524.16, 432.00, 411.60, 411.60, 675, 'SECO', 'PENDIENTE', '2026-04-05 06:48:17'),
(557, 7503008344211, 'PROGELBEN 100 MG CAJA CON 20 CAPSULAS', 'BENZONATATO 100.00 MG - 20 CAPSULA 100 MG', 22.88, 22.00, 21.12, 21.12, 678, 'SECO', 'PENDIENTE', '2026-04-05 06:48:17'),
(558, 8715131006303, 'PROLIA 60 MG/ML SOL INYECTABLE (RF)', 'DENOSUMAB', 8.00, 8.00, 7.00, 7.00, 2, 'RED FRIA', 'PENDIENTE', '2026-04-05 06:48:17'),
(559, 7501048692088, 'PROTEC-MALLA ELASTICA TUBULAR NO. 1 C/1 PZA. 2 MTS.', 'PARA USO EN MANO, PUÑO, MUÑECA Y TOBILLO', 14.22, 13.68, 13.13, 13.13, 2, 'SECO', 'PENDIENTE', '2026-04-05 06:48:17'),
(560, 7501048692286, 'PROTEC-MALLA ELASTICA TUBULAR NO. 3 C/1 PZA. 2 MTS.', 'PARA USARSE EN BRAZO, ANTEBRAZO, PIERNA Y RODILLA', 18.99, 18.26, 17.53, 17.53, 680, 'SECO', 'PENDIENTE', '2026-04-05 06:48:17'),
(561, 7501048692187, 'PROTEC-MALLA ELASTICA TUBULAR No.2 CON 1 PZA. 2 MTS.', 'PARA USO DE TOBILLO, CODO, BRAZO Y ANTEBRAZO', 14.13, 13.59, 13.04, 13.04, 682, 'SECO', 'PENDIENTE', '2026-04-05 06:48:17'),
(562, 7501048692248, 'PROTEC-MALLA ELASTICA TUBULAR No3, LARGO 10 MTS. CON 1 PIEZA', 'PARA USARSE EN BRAZO, ANTEBRAZO, PIERNA Y RODILLA', 47.92, 46.08, 44.23, 44.23, 684, 'SECO', 'PENDIENTE', '2026-04-05 06:48:17'),
(563, 7501258209465, 'PROTECTOR SOLAR CREMA FPS 50+ TUBO CON 125 G SERRAL', 'PROTECTOR SOLAR - CREMA FPS 50 + C / 125 G', 71.50, 68.75, 66.00, 66.00, 685, 'SECO', 'PENDIENTE', '2026-04-05 06:48:17'),
(564, 8902413020274, 'PROZEUX 200 MG/20 ML EMULSION INY. 1% CON 5 FRASCOS AMPULA', 'PROPOFOL 20MG.', 286.00, 275.00, 264.00, 264.00, 687, 'SECO', 'PENDIENTE', '2026-04-05 06:48:17'),
(565, 7502240450070, 'PUNAB 50 MG CON 30 TABLETAS', 'LOSARTAN - TABLETA 50 MG C / 30', 12.56, 12.08, 11.59, 11.59, 689, 'SECO', 'PENDIENTE', '2026-04-05 06:48:17'),
(566, 7502208894946, 'PURIBEL 300 MG CON 20 TABLETAS', 'ALOPURINOL', 0.00, 0.00, 0.00, 0.00, 4, 'SECO', 'PENDIENTE', '2026-04-05 06:48:17'),
(567, 7506442700889, 'QUETIAPINA 25 MG CON 30 TABLETAS CAMBER', 'QUETIAPINA -', 105.21, 86.71, 80.93, 80.93, 14, 'SECO', 'PENDIENTE', '2026-04-05 06:48:17'),
(568, 7502223112261, 'QUIMTULAC JARABE 10G/15 ML FRASCO CON 125 ML', 'LACTULOSA', 75.01, 72.13, 69.24, 69.24, 691, 'SECO', 'PENDIENTE', '2026-04-05 06:48:17'),
(569, 7502227876411, 'RAAMTOL 100 MG CON 30 TABLETAS', 'CILOSTAZOL - 30 TABLETA 100 MG', 158.45, 142.61, 136.51, 136.51, 692, 'SECO', 'PENDIENTE', '2026-04-05 06:48:17'),
(570, 7502227877739, 'RAAMVIX 600 MG CON 30 TABLETAS', 'EFAVIRENZ', 189.28, 152.70, 145.60, 145.60, 3, 'SECO', 'PENDIENTE', '2026-04-05 06:48:17'),
(571, 7506442702043, 'RAJENDRA LETROZOL 2.5MG CON 30 TABLETAS', 'LETROZOL', 325.05, 312.55, 299.05, 300.05, 694, 'SECO', 'PENDIENTE', '2026-04-05 06:48:17'),
(572, 7501836010087, 'REALDRAX-MXD 400MG/20 MG CON 10 TABLETAS', 'IBUPROFENO, HIOSCINA', 51.15, 48.23, 46.30, 46.30, 698, 'SECO', 'PENDIENTE', '2026-04-05 06:48:17'),
(573, 7501089804310, 'RECOVERON N UNGUENTO 5-.4G/100G TUBO CON 40 G', 'ACIDO ACETAMICO-NEOMICINA', 412.50, 396.00, 363.00, 363.00, 700, 'SECO', 'PENDIENTE', '2026-04-05 06:48:17'),
(574, 7501089804327, 'RECOVERON NC CREMA CON 40 G', 'ACIDO ACEXAMICO / NEOMICINA -', 412.50, 396.00, 363.00, 363.00, 701, 'SECO', 'PENDIENTE', '2026-04-05 06:48:17'),
(575, 7506331302002, 'RELOZIBIN 1 GR SOLUCION INYECTABLE', 'ERTAPENEM', 585.00, 562.50, 504.00, 504.00, 11, 'SECO', 'PENDIENTE', '2026-04-05 06:48:17'),
(576, 7502227871904, 'REOSVEC 35 MG CON 4 TABLETAS', 'ACIDO RISEDRONICO (RISENRONATO SODICO)', 47.98, 44.30, 41.34, 41.34, 702, 'SECO', 'PENDIENTE', '2026-04-05 06:48:17'),
(577, 7502245840692, 'REXIPATEN SOLUCION INYECTABLE 8 MG/2 ML CON 1 AMPULA', 'DEXAMETASONA - SOLUCION INYECTABLE', 7.53, 7.24, 6.95, 6.95, 11, 'SECO', 'PENDIENTE', '2026-04-05 06:48:17'),
(578, 7502001165953, 'REXURDIR 400 MG CON 16 CAPSULAS', 'NIFUROXAZIDA', 35.44, 34.08, 32.71, 32.71, 704, 'SECO', 'PENDIENTE', '2026-04-05 06:48:17'),
(579, 7501463320009, 'RINON DE PLASTICO ADULTO (EDIGAR) CAP. 500 ML.', 'RINON DE PLASTICO -', 27.94, 26.86, 25.79, 25.79, 705, 'SECO', 'PENDIENTE', '2026-04-05 06:48:17'),
(580, 7501092793052, 'RIOPAN GEL 80-10MG/1ML CON 10 SOBRES DE 10ML', 'DIMETICONA, MAGALDRATO', 134.37, 134.37, 134.37, 134.37, 4, 'SECO', 'PENDIENTE', '2026-04-05 06:48:17'),
(581, 7506442703743, 'RIVAROXABAN 15MG ENVASE CON 28 COMPRIMIDOS', 'RIVAROXABAN', 318.89, 306.63, 274.74, 274.74, 706, 'SECO', 'PENDIENTE', '2026-04-05 06:48:17'),
(582, 7506442703705, 'RIVAROXABAN 2.5 MG CON 56 TABLETAS', 'RIVAROXABAN', 305.50, 293.75, 282.00, 282.00, 708, 'SECO', 'PENDIENTE', '2026-04-05 06:48:17'),
(583, 7506442703767, 'RIVAROXABAN 20 MG CON 28 TABLETAS CAMBER', 'RIVAROXABAN', 272.10, 258.20, 242.40, 242.40, 710, 'SECO', 'PENDIENTE', '2026-04-05 06:48:17'),
(584, 7501065062529, 'ROBAX GOLD 500/200MG - 24 - CAPSULA -', 'IBUPROFENO-METOCARBAMOL', 0.00, 0.00, 0.00, 0.00, 4, 'SECO', 'PENDIENTE', '2026-04-05 06:48:17'),
(585, 75006440, 'ROSATIL PASTA 25G ENVASE CON 30 G', 'OXIDO DE ZINC 25%', 15.28, 14.69, 14.10, 14.10, 713, 'SECO', 'PENDIENTE', '2026-04-05 06:48:17'),
(586, 7503003738879, 'ROSEL T 300/50/3MG CON 15 TABLETAS', 'PARACETAMOL, AMANTADINA, CLORFENAMINA - TABLETAS', 22.17, 21.31, 20.46, 20.46, 4, 'SECO', 'PENDIENTE', '2026-04-05 06:48:17'),
(587, 7502227426869, 'ROTUMAL GEL 1.16% TUBO CON 60 GR', 'DICLOFENACO 1.16% - TOPICO', 22.45, 21.59, 20.72, 0.00, 714, 'SECO', 'PENDIENTE', '2026-04-05 06:48:17'),
(588, 8903703012566, 'ROXXIAN 50 MG ENVASE CON 12 AMPOLLETAS CON 5 ML (RF)', 'BROMURO DE ROCURONIO', 1.00, 1.00, 1.00, 1.00, 716, 'RED FRIA', 'PENDIENTE', '2026-04-05 06:48:17'),
(589, 7506494600380, 'RUMOQUIN NF 0.75-215-25 MG CON 20 TABLETAS', 'INDOMETACINA-BETAMEASONA-METOCARBAMOL', 30.72, 29.54, 28.37, 28.37, 717, 'SECO', 'PENDIENTE', '2026-04-05 06:48:17'),
(590, 821998000571, 'RUMOQUIN NF 750-215-25 MG CON 20 TABLETAS', 'BETAMETASONA, METOCARBAMOL, INDOMETACINA - TABLETA 750 - 215 - 25 MG C / 20', 30.72, 29.54, 28.36, 28.36, 9, 'SECO', 'PENDIENTE', '2026-04-05 06:48:17'),
(591, 7503007822895, 'RYBELSUS 3MG CON 30 TABLETAS', 'SEMAGLUTIDA -', 0.00, 0.00, 0.00, 0.00, 15, 'SECO', 'PENDIENTE', '2026-04-05 06:48:17'),
(592, 7501019030178, 'SABA BUENAS NOCHES FLUJO ABUNDANTE CON 48 TOALLAS', 'TOALLAS FEMENINAS', 166.23, 159.84, 153.44, 153.44, 718, 'SECO', 'PENDIENTE', '2026-04-05 06:48:17'),
(593, 7441057216410, 'SABA INVISIBLE CON ALAS FLUJO ABUNDANTE CON 60 TOALLAS', 'TOALLAS FEMENINAS CON ALAS', 201.50, 193.75, 186.00, 186.00, 3, 'SECO', 'PENDIENTE', '2026-04-05 06:48:17'),
(594, 7501019033728, 'SABA INVISIBLE CON ALAS FLUJO ABUNDANTE CON 60 TOALLAS', 'SABA INVISIBLE CON ALAS FLUJO ABUNDANTE', 113.10, 108.75, 104.40, 104.40, 719, 'SECO', 'PENDIENTE', '2026-04-05 06:48:17'),
(595, 7501019006371, 'SABA INVISIBLE CON ALAS PAQUETE CON 10', 'TOALLAS FEMENINAS', 23.15, 22.26, 21.37, 21.37, 15, 'SECO', 'PENDIENTE', '2026-04-05 06:48:17'),
(596, 7506636800036, 'SABANA PLANA DESECHABLE 1.20x1.80 MTS. BOLSA CON 10 PIEZAS', 'SABANA DESECHABLE', 98.68, 94.89, 91.09, 91.09, 720, 'SECO', 'PENDIENTE', '2026-04-05 06:48:17'),
(597, 1455, 'SABANA TERMICA PRIMEROS AUXILIOS', 'SABANA TERMICA 1.30 X 2.10', 56.74, 19.70, 18.91, 18.91, 722, 'SECO', 'PENDIENTE', '2026-04-05 06:48:17'),
(598, 7502227870150, 'SABTRES 25 MG CON 30 TABLETAS', 'CAPTOPRIL 25 MG -', 9.30, 8.95, 8.59, 8.59, 723, 'SECO', 'PENDIENTE', '2026-04-05 06:48:17'),
(599, 7501095467264, 'SAL DE UVAS PICOT 2.485/0.2165 CON 50 SOBRES', 'BICARBONATO DE SODIO 2.49 G ACIDO CITRICO 1.95 G ACIDO TARTARICO 0.22 G - 50 SOBRE 2.4 / 19 / .21 G', 0.00, 0.00, 0.00, 0.00, 724, 'SECO', 'PENDIENTE', '2026-04-05 06:48:17'),
(600, 7501095451096, 'SAL DE UVAS PICOT CAJA CON 10 SOBRES', 'ACIDO CITRICO 1.95 G ACIDO TARTARICO 0.22 G BICARBONATO DE SODIO 2.49 G - 10 SOBRE 2.4 / 19 / .21 G', 42.52, 42.52, 42.52, 42.52, 725, 'SECO', 'PENDIENTE', '2026-04-05 06:48:17'),
(601, 7501298281209, 'SEDALMERCK 500/50/5 MG CON 20 TABLETAS', 'PARACETAMOL , CAFEINA , FENILEFRINA - 20 TABLETA 5 MG', 85.48, 85.48, 85.48, 85.48, 727, 'SECO', 'PENDIENTE', '2026-04-05 06:48:17'),
(602, 7501298215099, 'SEDALMERCK MAX 650/65 MG CON 24 TABLETAS', 'PARACETAMOL , CAFEINA 650 / 65 MG -', 126.57, 126.57, 126.57, 126.57, 2, 'SECO', 'PENDIENTE', '2026-04-05 06:48:17'),
(603, 7702003450426, 'SEDASIVA 2.5CM. X 5M CAJA CON 1 ROLLO', 'CINTA DE TELA ADHESIVA DE ACETATO -', 56.34, 54.18, 52.01, 52.01, 728, 'SECO', 'PENDIENTE', '2026-04-05 06:48:17'),
(604, 7506442703606, 'SEiMID POMALIDOMIDA 3 MG CON 21 CAPSULAS', 'POMALIDOMIDA', 38.00, 36.00, 35.00, 35.00, 729, 'SECO', 'PENDIENTE', '2026-04-05 06:48:17'),
(605, 7501493860353, 'SENOSIDOS AB  8.6 MG CON 20 TABLETAS KENER', 'SENOSIDOS A - B - TABLETA 8.6 MG C / 20', 10.63, 10.23, 9.82, 9.82, 5, 'SECO', 'PENDIENTE', '2026-04-05 06:48:17'),
(606, 821998000595, 'SENOSIDOS AB 8.6 MG CON 20 TABLETAS SCHOEN', 'SENOSIDOS AB TABLETA', 9.28, 8.93, 8.57, 8.57, 731, 'SECO', 'PENDIENTE', '2026-04-05 06:48:17'),
(607, 7501299307236, 'SENSIBIT D NF 2.5/5/500MG CON 12 TABLETAS', 'LORATADINA , FENILEFRINA , PARACETAMOL -', 48.75, 46.88, 45.00, 45.00, 732, 'SECO', 'PENDIENTE', '2026-04-05 06:48:17'),
(608, 7502216803589, 'SEVELAMERO 800 MG CON 180  COMPRIMIDOS', 'SEVELAMERO', 2.00, 2.00, 1.00, 1.00, 734, 'SECO', 'PENDIENTE', '2026-04-05 06:48:17'),
(609, 7502251890773, 'SILUPROD 3.75 CAJA CON FCO AMPULA 2 ML', 'LEUPRORELINA', 2.00, 2.00, 2.00, 2.00, 737, 'SECO', 'PENDIENTE', '2026-04-05 06:48:17'),
(610, 7501358130225, 'SIMPLEX 3D/3D/3D CON 30 TABLETAS', 'PASSIFLORA, IGNATIA, VALERIANA', 93.74, 90.14, 86.53, 86.53, 739, 'SECO', 'PENDIENTE', '2026-04-05 06:48:17'),
(611, 7501358130362, 'SIMPLEX-NITE SOL. GOTAS FCO. 30 ML. 1D-1D/100 ML.', 'MEZCLA DE PLANTAS P / INSOMNIO Y ESTRES -', 0.00, 0.00, 0.00, 0.00, 740, 'SECO', 'PENDIENTE', '2026-04-05 06:48:17'),
(612, 7501358130379, 'SIMPLEX-PRO C/60 TABS. 1D/3D/6D.', 'MEZCLA DE PLANTAS P / INSOMNIO Y ESTRES -', 0.00, 0.00, 0.00, 0.00, 741, 'SECO', 'PENDIENTE', '2026-04-05 06:48:17'),
(613, 7502245840876, 'SINFENAXOL SOL. INY. C/1 AMPTA. 1 G/2 ML.', 'ETOFENAMATO (SOL. INYECTABLE)', 130.00, 120.00, 112.00, 112.00, 742, 'SECO', 'PENDIENTE', '2026-04-05 06:48:17'),
(614, 7502256040067, 'SINKEL 8 MG / 2 ML SOLUCION INYECTABLE CON 1 AMPULA', 'DEXAMETASONA - INYECTABLE 8 MG / 2 ML C / 1', 9.58, 8.53, 8.18, 8.18, 744, 'SECO', 'PENDIENTE', '2026-04-05 06:48:17'),
(615, 7501123017300, 'SINPEBAC 2% UNGÜENTO TUBO CON 15 G', 'MUPIROCINA 15.00 G - 1 UNGUENTO 2% 15 G', 169.29, 162.35, 155.41, 155.41, 747, 'SECO', 'PENDIENTE', '2026-04-05 06:48:17'),
(616, 7506429601161, 'SIRAPEH 300 MG/50 ML SOL.INYECTABLE PACLITAXEL SIN EQUIPO', 'PACLITAXEL', 780.00, 702.00, 672.00, 672.00, 748, 'SECO', 'PENDIENTE', '2026-04-05 06:48:17'),
(617, 7502009749988, 'SITAGLIPTINA 100 MG CON 28 TABLETAS MAVER', 'SITAGLIPTINA', 149.50, 143.75, 138.00, 138.00, 749, 'SECO', 'PENDIENTE', '2026-04-05 06:48:17'),
(618, 8903726307748, 'SITAGLIPTINA/METFORMINA 50MG/850MG CON 56 TABLETAS(CAMBER)', 'SITAGLIPTINA/METFORMINA', 455.00, 437.50, 395.00, 395.00, 750, 'SECO', 'PENDIENTE', '2026-04-05 06:48:17'),
(619, 7506335700798, 'SKEMCA 500 MG CON 120 TABLETAS', 'CAPECITABINA - 500 MG / 120 TABLETA', 2.00, 2.00, 2.00, 2.00, 752, 'SECO', 'PENDIENTE', '2026-04-05 06:48:17'),
(620, 7502235760269, 'SLINDA 4MG - 28 - TABLETA -', 'DROSPIRENONA -', 0.00, 0.00, 0.00, 0.00, 15, 'SECO', 'PENDIENTE', '2026-04-05 06:48:17'),
(621, 7502002461061, 'SODIMEL SP SUERO FACIAL ANTIOX - 30 G - PIEZA -', '', 0.00, 0.00, 0.00, 0.00, 15, 'SECO', 'PENDIENTE', '2026-04-05 06:48:17'),
(622, 7501493874633, 'SOFTAMICID SOL. INY. C/50 AMPTAS. 4 MG/4 ML. - 50 - SOLUCION', 'NOREPINEFRINA - LABORATORIOS KENER S A DE C V', 787.80, 757.50, 727.20, 727.20, 757, 'SECO', 'PENDIENTE', '2026-04-05 06:48:17'),
(623, 7501125109928, 'SOLDRIN SOL. OTICA FCO. GOTERO 10 ML. 10-25-20 MG/1 ML. - 10', 'HIDROCORTISONA , CLORANFENICOL , BENZOCAINA -', 137.72, 132.43, 127.13, 127.13, 758, 'SECO', 'PENDIENTE', '2026-04-05 06:48:17'),
(624, 7501125100840, 'SOLUCION DX- 5  SOL. INY. 5% FRASCO 250 ML PISA', 'GLUCOSA 5% - 1 SOLUCION 5% / 250 ML', 31.33, 30.13, 28.92, 28.92, 2, 'SECO', 'PENDIENTE', '2026-04-05 06:48:17'),
(625, 637420200811, 'SOLVIN ESPUMA 8G/100 ML FRASCO CON 120 ML', 'YODOPOVIDONA - ESPUMA', 40.64, 39.08, 37.51, 37.51, 759, 'SECO', 'PENDIENTE', '2026-04-05 06:48:17'),
(626, 7502001167520, 'SONDEX-OF GOTAS OFTALMICAS - 5 M - SOLUCION - 3.5 MG - 1 MG', 'NEOMICINA, DEXAMETASONA - SOLUCION C / 5 ML', 29.51, 28.38, 27.24, 27.24, 760, 'SECO', 'PENDIENTE', '2026-04-05 06:48:17'),
(627, 7502001167018, 'SONSVAL 0.5 MG CON 15 OVULOS', 'ESTRIOL - OVULO', 78.55, 75.53, 72.50, 72.50, 762, 'SECO', 'PENDIENTE', '2026-04-05 06:48:17'),
(628, 7506429600966, 'SORTEC (SORAFENIB) 200 MG FCO CON 112 COMPRIMIDOS', 'SORAFENIB (NEXAVAR)', 45.00, 38.00, 39.00, 39.00, 763, 'SECO', 'PENDIENTE', '2026-04-05 06:48:17'),
(629, 7501037980189, 'SPIRIVA 18MCG CON 30 CAPSULAS Y DISPOSITIVO DOSIFICADOR', 'BROMURO DE TIOTROPIO (HANDIHALER)', 1.00, 1.00, 1.00, 1.00, 14, 'SECO', 'PENDIENTE', '2026-04-05 06:48:17'),
(630, 70200711144, 'STERI STRIP 12MM X 100 MM SOBRE CON 6 TIRAS', 'CIERRE DE HERIDAS', 28.60, 23.84, 20.66, 20.66, 764, 'SECO', 'PENDIENTE', '2026-04-05 06:48:17'),
(631, 7503002772508, 'SUCRALFATO 1 G CON 40 TABLETAS', 'SUCRALFATO - TABLETA 1 G C / 40', 57.17, 45.49, 43.67, 43.67, 765, 'SECO', 'PENDIENTE', '2026-04-05 06:48:17'),
(632, 7501384544577, 'SUERO CLORURO DE SODIO 1 FCO 0.9%/250ML', 'CLORURO DE SODIO 250.00 ML - SOLUCION INYECTABLE', 18.41, 17.70, 16.99, 16.99, 3, 'SECO', 'PENDIENTE', '2026-04-05 06:48:17'),
(633, 138055651547, 'SUKUNAI KIROS SUPLEMENTO ALIMENTICIO 200 MG 30 CAPSULAS', '', 0.00, 0.00, 0.00, 0.00, 766, 'SECO', 'PENDIENTE', '2026-04-05 06:48:17'),
(634, 7506494600106, 'SULFADIAZINA DE PLATA TUBO CON 28 G', 'SULFADIAZINA DE PLATA', 31.76, 30.54, 29.32, 29.32, 767, 'SECO', 'PENDIENTE', '2026-04-05 06:48:17'),
(635, 7502216808317, 'SULFASALAZINA 500 MG CON 60 TABLETAS ULTRA', 'SULFASALAZINA - TABLETA LP 500 MG C / 60', 264.00, 253.85, 233.54, 233.54, 768, 'SECO', 'PENDIENTE', '2026-04-05 06:48:17'),
(636, 7501493873216, 'SULOVAL 1 G INYECTABLE', 'CEFEPIMA 1 G INYECTABLE', 101.14, 97.25, 93.36, 93.36, 7, 'SECO', 'PENDIENTE', '2026-04-05 06:48:17'),
(637, 7506384300208, 'SUNOLAP 0.2MG/ML - 2.5 ML - SOLUCION -', '', 0.00, 0.00, 0.00, 0.00, 1, 'SECO', 'PENDIENTE', '2026-04-05 06:48:17'),
(638, 7501825300823, 'SURONIT 100 MG CON 12 TABLETAS', 'NITROFURANTOINA - TABLETA 100 MG C / 12', 34.91, 33.56, 32.22, 0.00, 770, 'SECO', 'PENDIENTE', '2026-04-05 06:48:17'),
(639, 7502251890551, 'SUTIVIN 1 MG SOL. INY. CON 1 FRASCO AMPULA (RF)', 'VINCRISTINA', 690.00, 639.00, 590.00, 609.00, 771, 'RED FRIA', 'PENDIENTE', '2026-04-05 06:48:17'),
(640, 7506429601024, 'SUTRINOVA 12.50 MG CON 28 TABLETAS', 'SUNITINIB', 9.00, 8.00, 8.00, 8.00, 772, 'SECO', 'PENDIENTE', '2026-04-05 06:48:17'),
(641, 7501088505485, 'SYNALAR-OTICO .25-10,000-3.5-20 MG/1 ML FRASCON CON 15 ML', 'POLIMIXINA B 10000.00 UI FLUOCINOLONA 0.25 MG NEOMICINA 3.50 MG - 1 GEL 15 ML', 183.00, 183.00, 183.00, 183.00, 8, 'SECO', 'PENDIENTE', '2026-04-05 06:48:17'),
(642, 7501070600556, 'SYNCOL 500/25/15 MG CON 24 COMPRIMIDOS', 'PARACETAMOL , PAMABROM , PIRILAMINA - 24 COMPRIMIDO 500 / 25 / 15 MG', 104.00, 102.06, 102.06, 102.06, 773, 'SECO', 'PENDIENTE', '2026-04-05 06:48:17'),
(643, 7501070600730, 'SYNCOL MAX 650/60/15 MG CON 12 COMPRIMIDOS', 'PARACETAMOL , CAFEINA , PIRILAMINA - 12 COMPRIMIDO 650 / 60 / 15 MG', 93.19, 93.19, 93.19, 93.19, 774, 'SECO', 'PENDIENTE', '2026-04-05 06:48:17'),
(644, 7502244510091, 'SYNVISC ONE 8MG/ML JERINGA PRELLENADA CON 6 ML', 'HILANO G-F 20 Jeringa de vidrio, 10/6 ml/ml', 6.00, 6.00, 6.00, 6.00, 6, 'SECO', 'PENDIENTE', '2026-04-05 06:48:17'),
(645, 7506442703965, 'TAMAYA 200 MG/2 ML CAJA CON 10 FRASCOS', 'SUGAMMADEX', 5.00, 4.00, 4.00, 4.00, 775, 'SECO', 'PENDIENTE', '2026-04-05 06:48:17'),
(646, 7502239301062, 'TARGET COLD SPRAY CLORURO DE ETILO 250 ML', 'CLORURO DE ETILO EN SPRAY 180 G', 90.22, 86.75, 83.28, 83.28, 3, 'SECO', 'PENDIENTE', '2026-04-05 06:48:17'),
(647, 7502208891549, 'TARMIN 2 MG CON 12 TABLETAS', 'LOPERAMIDA - TABLETA 2 MG C / 12', 10.80, 8.65, 8.30, 8.30, 779, 'SECO', 'PENDIENTE', '2026-04-05 06:48:17'),
(648, 7502245840289, 'TARTERLIT SOL. INY. C/1 FCO. AMP. 1 MG/5 ML.', 'TERLIPRESINA -', 494.00, 475.00, 456.00, 467.40, 782, 'SECO', 'PENDIENTE', '2026-04-05 06:48:17'),
(649, 7503014279477, 'TELA ADHESIVA 2.5 CM x 5 MT BLANCO CON 1 ROLLO', 'TELA ADHESIVA 2.5 x 5 MTS', 37.88, 36.43, 34.97, 34.97, 785, 'SECO', 'PENDIENTE', '2026-04-05 06:48:17'),
(650, 7502275701246, 'TELA ADHESIVA 5 CM x 5 MT BLANCO CON 1 ROLLO', 'CINTA ADHESIVA DE TELA 5.00X 5', 67.63, 65.03, 62.42, 62.42, 786, 'SECO', 'PENDIENTE', '2026-04-05 06:48:17'),
(651, 7501349025806, 'TELMISARTAN AMSA - 28 - TABLETA - 80 MG', 'TELMISARTAN - TABLETA 80 MG C / 28', 0.00, 0.00, 0.00, 0.00, 14, 'SECO', 'PENDIENTE', '2026-04-05 06:48:17'),
(652, 7502216803244, 'TELMISARTAN HIDROCLOROTIAZIDA ULTRA - 14 - TABLETA - 80 MG -', 'TELMISARTAN, HIDROCLOROTIAZIDA - TABLETA 80 - 12.5 MG C / 14', 58.11, 55.88, 53.64, 53.64, 787, 'SECO', 'PENDIENTE', '2026-04-05 06:48:17'),
(653, 780083149888, 'TEMPIRE PFC 500-50 MG CON 24  COMPRIMIDOS', 'PARACETAMOL, CAFEINA - COMPRIMIDO 500 - 50 MG C / 24', 24.38, 23.44, 22.50, 22.50, 788, 'SECO', 'PENDIENTE', '2026-04-05 06:48:17'),
(654, 7506429600836, 'TERA-CAZ 100 MG TEMOZOLOMIDA CON 5 CAPSULAS', 'TEMOZOLOMIDA', 1.00, 982.80, 940.80, 940.80, 790, 'SECO', 'PENDIENTE', '2026-04-05 06:48:17'),
(655, 7506429600843, 'TERA-CAZ100 MG TEMOZOLOMIDA CON 20 CAPSULAS', 'TEMOZOLOMIDA', 3.00, 3.00, 3.00, 3.00, 1, 'SECO', 'PENDIENTE', '2026-04-05 06:48:17'),
(656, 7506442705846, 'TERIFLUNOMIDA 14 MG CON 28 TABLETAS (AUBAGIO)', 'TERIFLUNOMIDA', 13.00, 13.00, 12.00, 12.00, 791, 'SECO', 'PENDIENTE', '2026-04-05 06:48:17'),
(657, 7502274120307, 'TERMOMETRO CLINICO PRISMATICO ORAL (TERMOFLU) CON 1 PIEZA.', 'TERMOMETRO DE MERCURIO ORAL / AXILAR -', 47.09, 45.28, 43.46, 43.46, 792, 'SECO', 'PENDIENTE', '2026-04-05 06:48:17'),
(658, 7506022311924, 'TERMOMETRO DIGITAL 1 TERM DIG', 'TERMOMETRO 1.00 PIEZA - 1 TERM DIG 1 PIEZA', 54.60, 52.50, 50.40, 50.40, 6, 'SECO', 'PENDIENTE', '2026-04-05 06:48:17'),
(659, 4580193651259, 'TERMOMETRO DIGITAL CITIZEN MOD.CTA301 CAJA CON 1 PIEZA', 'TERMOMETRO DIGITAL MCA. CITIZEN MODELO CTA301', 86.01, 82.70, 79.39, 79.39, 793, 'SECO', 'PENDIENTE', '2026-04-05 06:48:17'),
(660, 7500399003239, 'TERMOMETRO DIGITAL RIGIDO', 'TERMOMETRO DIGITAL ADULTO Y PEDIATRICO', 86.01, 82.70, 79.39, 79.39, 12, 'SECO', 'PENDIENTE', '2026-04-05 06:48:17'),
(661, 7506331302439, 'TIAURO 20 MG CON 30 TABLETAS ATORVASTATINA', 'ATORVASTATINA', 36.40, 35.00, 31.36, 31.36, 794, 'SECO', 'PENDIENTE', '2026-04-05 06:48:17'),
(662, 7506429601215, 'TIBOQUIR 100MG/20 ML SOLUCION INYECTABLE', 'OXALIPLATINO', 1.00, 965.25, 924.00, 924.00, 796, 'SECO', 'PENDIENTE', '2026-04-05 06:48:17'),
(663, 7506429601208, 'TIBOQUIR 50MG/10 ML SOLUCION INYECTABLE', 'OXALIPLATINO', 669.76, 602.78, 577.02, 577.02, 798, 'SECO', 'PENDIENTE', '2026-04-05 06:48:17'),
(664, 7500399022735, 'TIJERA MAYO CURVA 14CMS', 'TIJERA CURVA 14 CM', 67.12, 67.12, 67.12, 67.12, 800, 'SECO', 'PENDIENTE', '2026-04-05 06:48:17'),
(665, 7500399022773, 'TIJERA MAYO DE 14 CM RECTA', 'UTILES PARA CORTAR MATERIALES DE SUTURA Y APOSITOS', 118.96, 114.39, 109.81, 109.81, 801, 'SECO', 'PENDIENTE', '2026-04-05 06:48:17'),
(666, 7502256725513, 'TIJERA PARA PARAMEDICO DE USO RUDO DE 16 CM', 'TIJERA DE BOTON MANGO NEGRO', 89.22, 85.79, 82.36, 82.36, 5, 'SECO', 'PENDIENTE', '2026-04-05 06:48:17'),
(667, 7502256725544, 'TIJERA PARA PARAMEDICO DE USO RUDO DE 16 CM', 'TIJERA DE BOTON MANGO ANARANJADO', 89.22, 85.79, 82.36, 82.36, 802, 'SECO', 'PENDIENTE', '2026-04-05 06:48:17'),
(668, 7502256726732, 'TIJERA PARA PARAMEDICO DE USO RUDO DE 16 CM', 'TIJERA DE BOTON MANGO MORADO', 89.22, 85.79, 82.36, 82.36, 804, 'SECO', 'PENDIENTE', '2026-04-05 06:48:17'),
(669, 75049812, 'TIMOLOL 5MG/1ML SOLUCION OFTALMICA CON 5 ML', 'TIMOLOL - SOLUCION 5 MG / ML C / 5 ML', 37.35, 35.91, 34.48, 34.48, 806, 'SECO', 'PENDIENTE', '2026-04-05 06:48:17'),
(670, 7506442703651, 'TINGALU 100 MG SOL.INYECTABLE CON 1 FRASCO AMPULA', 'AZACITIDINA', 5.00, 4.00, 4.00, 4.00, 807, 'SECO', 'PENDIENTE', '2026-04-05 06:48:17'),
(671, 7501482201853, 'TINOLPRO 10 MG CON 20 TABLETAS', 'METOCLOPRAMIDA - TABLETA ORAL', 7.11, 6.84, 6.56, 6.56, 808, 'SECO', 'PENDIENTE', '2026-04-05 06:48:17'),
(672, 7506022323514, 'TOALLA ALCOHOLADA P/USO EXTERNO C/100 PZAS', 'TOALLA ALCOHOLADA 70%', 70.79, 68.06, 65.34, 65.34, 811, 'SECO', 'PENDIENTE', '2026-04-05 06:48:17'),
(673, 8400005823, 'TOBRAMICINA DEXAMETASONA  3-1 MG/1 ML SOLUCION OFTALMICA CON', 'DEXAMETASONA, TOBRAMICINA - SOLUCION C / 5 ML', 53.92, 51.85, 49.78, 49.78, 11, 'SECO', 'PENDIENTE', '2026-04-05 06:48:17'),
(674, 7501342803685, 'TOLTERODINA 14 TAB 2 MG', 'TOLTERODINA 2.00 MG - 14 TABLETA 2 MG', 0.00, 0.00, 0.00, 0.00, 11, 'SECO', 'PENDIENTE', '2026-04-05 06:48:17'),
(675, 7502216796003, 'TOPIRAMATO 100 MG CON 20 TABLETAS ULTRA', 'TOPIRAMATO 100.00 MG - 20 TABLETA 100 MG', 60.68, 58.35, 56.02, 56.02, 812, 'SECO', 'PENDIENTE', '2026-04-05 06:48:17'),
(676, 13335, 'TORNIQUETE CON BROCHE', 'TORNIQUETE CON BROCHE ENFERMERIA', 42.42, 17.68, 16.97, 16.97, 813, 'SECO', 'PENDIENTE', '2026-04-05 06:48:17'),
(677, 840505062112, 'TORNIQUETE TACTICO PRIMEROS AUXILIOS', 'TORNIQUETE TACTICO TIPO CAT PRIMEROS AUXILIOS', 155.02, 107.65, 103.34, 103.34, 814, 'SECO', 'PENDIENTE', '2026-04-05 06:48:17'),
(678, 759684076350, 'TORUNDAS DE ALGODON ABSORBENTE (JALOMA) BOLSA CON 100 PIEZAS', 'ALGODON TORUNDAS -', 17.92, 14.36, 13.79, 13.79, 815, 'SECO', 'PENDIENTE', '2026-04-05 06:48:17'),
(679, 759684076367, 'TORUNDAS DE ALGODON ABSORBENTE (JALOMA) BOLSA CON 500 G.', 'BOLITAS DE ALGODON-TORUNDAS-', 78.83, 75.80, 72.77, 72.77, 817, 'SECO', 'PENDIENTE', '2026-04-05 06:48:17'),
(680, 7257427600280, 'TRADAXIN 10 MG CON 10 TABLETAS', 'CETIRIZINA - TABLETA 10 MG C / 10', 21.29, 20.48, 19.66, 19.66, 819, 'SECO', 'PENDIENTE', '2026-04-05 06:48:17'),
(681, 7501349020009, 'TRAMADOL 100MG/2 ML SOLUCION INYECTABLE CON 5 AMPOLLETAS', 'TRAMADOL 100.00 MG - SOLUCION INYECTABLE', 45.08, 43.35, 41.62, 41.62, 820, 'SECO', 'PENDIENTE', '2026-04-05 06:48:17'),
(682, 15273, 'TRANSPORE 7.5 CM X 9.1 M CAJA CON 4 ROLLOS', 'CINTA DE PLASTICO MICRO PERFORADA', 161.21, 155.01, 148.81, 150.12, 821, 'SECO', 'PENDIENTE', '2026-04-05 06:48:17'),
(683, 7506335700156, 'TRAXACORD RTU  50 MG / 2 ML', 'METOTREXATO - 50 MG / 2 ML / 1 FRASCO AMPULA', 141.82, 136.36, 130.91, 130.91, 7, 'SECO', 'PENDIENTE', '2026-04-05 06:48:17'),
(684, 7501037925579, 'TRAYENTA 5 MG CON 30 TABLETAS', 'LINAGLIPTINA 5.00 MG - 30 TABLETA 5 MG', 546.00, 437.50, 420.00, 420.00, 3, 'SECO', 'PENDIENTE', '2026-04-05 06:48:17'),
(685, 7501070612368, 'TREDA 129/280/30MG  CON 20 TABLETAS', 'CAOLIN 280MG NEOMICINA 129MG PECTINA 30MG', 152.08, 152.08, 152.08, 152.08, 822, 'SECO', 'PENDIENTE', '2026-04-05 06:48:17'),
(686, 7502245840258, 'TREVINAL 30 MG/1M CON 3 AMPULAS', 'KETOROLACO INYECTABLE', 14.70, 11.75, 10.35, 10.85, 823, 'SECO', 'PENDIENTE', '2026-04-05 06:48:17'),
(687, 7501478317193, 'TREXAVIT 280-129-30 MG CON 20 TABLETAS', 'CAOLIN 280 MG, NEOMICINA 129 MG, PECTINA 30 MG', 29.55, 28.41, 27.28, 27.28, 825, 'SECO', 'PENDIENTE', '2026-04-05 06:48:17'),
(688, 7501537182960, 'TRIBEDOCE 50,000 100-50-10MG SOL.INY. CON  5 AMPOLLETAS', 'COMPLEJO B ( TIAMINA ( B1 ) , PIRIDOXINA ( B6 ) , HIDROXOCOBALAMINA ( B12 ) ) - INYECTABLE C / 5 DOSIS', 77.64, 74.65, 71.66, 71.66, 826, 'SECO', 'PENDIENTE', '2026-04-05 06:48:17'),
(689, 7502208894779, 'TRIBEDOCE C/ 30 TABS. 100 MG/5 MG/50 MCG.', 'COMPLEJO B [TIAMINA, PIRIDOXINA, CIANOCOBALAMINA] TABS.', 22.13, 21.28, 20.42, 20.42, 1, 'SECO', 'PENDIENTE', '2026-04-05 06:48:17'),
(690, 7501537163266, 'TRIBEDOCE COMPUESTO 100/100/5/75MG/3 ML CON 3 DOSIS SOLUCION', 'COMPLEJO B, DICLOFENACO - INYECTABLE IM C / 3 DOSIS', 64.51, 62.03, 59.54, 59.54, 827, 'SECO', 'PENDIENTE', '2026-04-05 06:48:17'),
(691, 7501537164713, 'TRIBEDOCE COMPUESTO 50/50/50/1 MG CON 30 GRAGEAS', 'PIRIDOXINA 50.00 MG DICLOFENACO DIETILAMONIO 50.00 MG CIANOCOBALAMINA 1.00 MG TIAMINA 50.00 MG - TABLETA', 49.40, 47.50, 45.60, 45.60, 828, 'SECO', 'PENDIENTE', '2026-04-05 06:48:17'),
(692, 7501537103422, 'TRIBEDOCE DX COMPLEJO B CON DEXAMTASONA SOL. INYECTABLE', 'COMPLEJO B CON DEXAMETASONA', 64.35, 61.88, 59.40, 59.40, 830, 'SECO', 'PENDIENTE', '2026-04-05 06:48:17'),
(693, 7502227875377, 'TROMDEX 10 MG.CON 30 TABLETAS', 'EZETIMIBA', 79.78, 74.67, 71.48, 71.48, 832, 'SECO', 'PENDIENTE', '2026-04-05 06:48:17'),
(694, 7501493872370, 'TROVOST 20-5 MG/1 ML GOTAS OFTALMICAS CON 5 ML', 'DORZOLAMIDA, TIMOLOL', 61.61, 59.24, 56.87, 56.87, 834, 'SECO', 'PENDIENTE', '2026-04-05 06:48:17'),
(695, 0, 'TUBO HOLY LATEX # 2005 (TORNIQUETE)', 'TORNIQUETE REUSABLE DE LATEX', 27.95, 26.88, 25.80, 25.80, 835, 'SECO', 'PENDIENTE', '2026-04-05 06:48:17'),
(696, 7501065054029, 'TUMS 750 MG SABORES SURTIDOS CON 48 TABLETAS MASTICABLES', 'CARBONATO DE CALCIO 750 MG - SABORES SURTIDOS', 82.85, 82.85, 82.85, 82.85, 6, 'SECO', 'PENDIENTE', '2026-04-05 06:48:17'),
(697, 7506331302484, 'TUSAURO 0.5 MG CON 30 CAPSULAS', 'DUTASTERIDA', 582.40, 480.00, 448.00, 448.00, 11, 'SECO', 'PENDIENTE', '2026-04-05 06:48:17'),
(698, 7501299309278, 'TUSIGEN NF 22.5-22.5MG CON 20 TABLETAS', 'DEXTROMETORFANO 22.50 MG AMBROXOL 22.50 MG - 20 TABLETA 22.50 / 22.50 MG', 67.44, 64.85, 62.26, 62.26, 836, 'SECO', 'PENDIENTE', '2026-04-05 06:48:17'),
(699, 7506429601130, 'ULBLOT 15 U BLEOMICINA SOL.INYECTABLE SIN DILUYENTE (RF)', 'BLEOMICINA', 975.00, 937.50, 840.00, 900.00, 838, 'RED FRIA', 'PENDIENTE', '2026-04-05 06:48:17'),
(700, 7506429600904, 'ULDENALIV 25 MG CON 21 CAPSULAS LENALIDOMIDA', 'LENALIDOMIDA', 48.00, 40.00, 37.00, 37.00, 12, 'SECO', 'PENDIENTE', '2026-04-05 06:48:17'),
(701, 7506429600645, 'ULDEUS GEMCITABINA 1GR INY', 'GEMCITABINA', 743.60, 669.24, 640.64, 640.64, 839, 'SECO', 'PENDIENTE', '2026-04-05 06:48:17'),
(702, 7501836009531, 'ULGEL SUSPENSION 3.7-4.0-0.5 G/100 ML FRASCO CON 360 ML', 'MAGNESIO, ALUMINIO, DIMETICONA - SUSPENSION 360 ML', 29.55, 28.41, 27.28, 27.28, 6, 'SECO', 'PENDIENTE', '2026-04-05 06:48:17'),
(703, 7506429600249, 'ULMEXTRAL METOTREXATO 500MG INY LIOFILIZ', 'METOTREXATO 500 MG ( SOLUCION INYECTABLE ) -', 478.40, 430.56, 412.16, 412.16, 4, 'SECO', 'PENDIENTE', '2026-04-05 06:48:17'),
(704, 7506429601079, 'ULONICO SOL INY 4 MG/5 ML ACIDO ZOLEDRONICO', 'ACIDO ZOLEDRONICO', 360.20, 346.35, 332.50, 332.50, 3, 'SECO', 'PENDIENTE', '2026-04-05 06:48:17'),
(705, 7506429601123, 'UL-PLUX CISPLATINO 50MG/50 ML SOLUCION INYECTABLE', 'CISPLATINO', 325.00, 312.50, 290.00, 290.00, 12, 'SECO', 'PENDIENTE', '2026-04-05 06:48:17'),
(706, 7506429600461, 'ULSACIL 250MG/10ML CAJA CON 10 AMPULAS', 'FLUOROURACILO', 1.00, 936.00, 896.00, 896.00, 841, 'SECO', 'PENDIENTE', '2026-04-05 06:48:17'),
(707, 7506429600959, 'ULSACIL 500MG/10ML CAJA CON 10 AMPULAS', 'FLUOROURACILO', 1.00, 1.00, 1.00, 1.00, 843, 'SECO', 'PENDIENTE', '2026-04-05 06:48:17'),
(708, 7506429600805, 'ULSAFAS 250MG/5 ML FULVESTRANT (RF)', 'FULVESTRANT', 5.00, 4.00, 4.00, 4.00, 845, 'RED FRIA', 'PENDIENTE', '2026-04-05 06:48:17'),
(709, 780083146863, 'UNIQUIN 500 MG CON 7 TABLETAS', 'LEVOFLOXACINO - TABLETA 500 MG C / 7', 25.86, 24.86, 23.87, 23.87, 846, 'SECO', 'PENDIENTE', '2026-04-05 06:48:17'),
(710, 780083146856, 'UNIQUIN 750 MG CON 7 TABLETAS', 'LEVOFLOXACINO - TABLETA 750 MG C / 7', 36.27, 34.88, 33.48, 33.48, 847, 'SECO', 'PENDIENTE', '2026-04-05 06:48:17'),
(711, 7506442701923, 'VALACICLOVIR 500 MG CON 10 TABLETAS CAMBER', 'VALACICLOVIR', 178.88, 167.43, 160.27, 160.27, 4, 'SECO', 'PENDIENTE', '2026-04-05 06:48:17'),
(712, 7503001007199, 'VALCLAN 500/125 MG CON 10 TABLETAS', 'AMOXICILINA -ACIDO CLAVULANICO', 40.91, 39.34, 37.76, 37.76, 848, 'SECO', 'PENDIENTE', '2026-04-05 06:48:17'),
(713, 7503001007250, 'VALCLAN 875/125 MG CON 10 TABLETAS', 'AMOXICILINA -ACIDO CLAVULANICO', 49.27, 47.37, 45.48, 45.48, 851, 'SECO', 'PENDIENTE', '2026-04-05 06:48:17'),
(714, 7503001007175, 'VALCLAN JR 1 SUSP 250/62.5MG/5/60 ML - 60 ML - SUSPENSION -', 'AMOXICILINA 250.00 MG ACIDO CLAVULANICO 62.50 MG - SUSPENSION ORAL', 32.08, 30.85, 29.62, 29.62, 15, 'SECO', 'PENDIENTE', '2026-04-05 06:48:17'),
(715, 7506442701961, 'VALGANCICLOVIR 450MG CON 60 TABLETAS (CAMBER)', 'VALGANCICLOVIR 450MG', 3.00, 3.00, 2.00, 2.00, 852, 'SECO', 'PENDIENTE', '2026-04-05 06:48:17'),
(716, 7506442703361, 'VALSARTAN TAB. 80 MG. CAJA C/FCO. C/30', 'VALSARTAN', 56.88, 51.19, 49.00, 50.31, 15, 'SECO', 'PENDIENTE', '2026-04-05 06:48:17'),
(717, 7709990697803, 'VANCOMICINA 500 MG/10 ML (VITALIS) SOL. INY CON 1 FRASCO AMP', 'VANCOMICINA -', 0.00, 0.00, 0.00, 0.00, 855, 'SECO', 'PENDIENTE', '2026-04-05 06:48:17'),
(718, 759684432071, 'VASELINA BLANCA (JALOMA) TARRO CON 60 G.', 'VASELINA BLANCA NATURAL -', 15.85, 15.24, 14.63, 14.63, 856, 'SECO', 'PENDIENTE', '2026-04-05 06:48:17'),
(719, 759684154041, 'VASELINA BLANCA P/BEBE (JALOMA) TARRO CON 230 G.', 'VASELINA BLANCA C / AROMA DE BEBE -', 43.02, 34.55, 33.17, 33.17, 857, 'SECO', 'PENDIENTE', '2026-04-05 06:48:17'),
(720, 793888543904, 'VASO RECOLECTOR DE MUESTRAS ESTERIL 100 ML', 'CONTENEDOR MUESTRAS CLINICAS, ESTERIL DE 100 NL', 3.75, 3.60, 3.46, 3.46, 858, 'SECO', 'PENDIENTE', '2026-04-05 06:48:17'),
(721, 7501048640034, 'VASO RECOLECTOR DE MUESTRAS NO ESTERIL', 'CONTENEDOR MUESTRAS CLINICAS, NO ESTERIL DE 100 ML', 3.75, 3.60, 3.46, 3.46, 860, 'SECO', 'PENDIENTE', '2026-04-05 06:48:17'),
(722, 7891317019815, 'VENALOT DEPOT 180/30MG CON 30 TABLETAS', 'TROXERUTINA / CUMARINA', 0.00, 0.00, 0.00, 0.00, 865, 'SECO', 'PENDIENTE', '2026-04-05 06:48:17'),
(723, 729513107906, 'VENDA ELASTICA (IDEAL) 10 CM X 5 MT CON 1 PIEZA', 'VENDA ELASTICA', 8.37, 8.05, 7.73, 7.73, 866, 'SECO', 'PENDIENTE', '2026-04-05 06:48:17'),
(724, 729513107913, 'VENDA ELASTICA (IDEAL) 15 CM X 5 MT CON 1 PIEZA', 'VENDA ELASTICA DE MEDIA COMPRESION 15 CMS X 5 M -', 12.92, 10.95, 10.51, 10.51, 868, 'SECO', 'PENDIENTE', '2026-04-05 06:48:17'),
(725, 729513107937, 'VENDA ELASTICA (IDEAL) 25 CM X 5 MT CON 1 PIEZA', 'VENDA ELASTICA DE MEDIA COMPRESION 25 CMS X 5 M -', 19.36, 18.61, 17.87, 17.87, 869, 'SECO', 'PENDIENTE', '2026-04-05 06:48:17'),
(726, 729513107883, 'VENDA ELASTICA (IDEAL) 5 CM X 5 MT CON 1 PIEZA', 'VENDA ELASTICA', 4.80, 4.04, 3.88, 3.88, 870, 'SECO', 'PENDIENTE', '2026-04-05 06:48:17'),
(727, 729513107890, 'VENDA ELASTICA (IDEAL) 7.5 CM X 5 MT CON 1 PIEZA', 'VENDA ELASTICA DE MEDIA COMPRESION 7 CMS X 5 M -', 5.71, 5.49, 5.27, 5.27, 872, 'SECO', 'PENDIENTE', '2026-04-05 06:48:17'),
(728, 729513107944, 'VENDA ELASTICA (IDEAL) C/1 PZA. 30CM. X 5MT.', 'VENDA ELASTICA DE MEDIA COMPRESION 30 CMS X 5 M -', 23.49, 18.83, 18.07, 18.07, 12, 'SECO', 'PENDIENTE', '2026-04-05 06:48:17'),
(729, 7503003406747, 'VENDA ELASTICA 10 CM x 5 CM CON 1 PIEZA', 'VENDA 12.00 PIEZA - 12 VENDA 10 CM', 9.59, 9.23, 8.86, 8.86, 874, 'SECO', 'PENDIENTE', '2026-04-05 06:48:17'),
(730, 729513133059, 'VENDA ELASTO 15CM LEROY', 'VENDA ELASTICA ALTA COMPRESION', 125.13, 120.31, 115.50, 115.50, 875, 'SECO', 'PENDIENTE', '2026-04-05 06:48:17'),
(731, 729513137040, 'VENDA MALLA LE ROY TUBULAR 2 M CALIBRE 4', '', 22.93, 22.05, 21.17, 21.17, 876, 'SECO', 'PENDIENTE', '2026-04-05 06:48:17'),
(732, 84011731683, 'VENDA TRIANGULAR  40\" x 40\" x 56\"', 'MEDIDAS 102 x 102 x 143 CM DE PROLIPROPILENO', 97.90, 94.14, 90.37, 90.37, 877, 'SECO', 'PENDIENTE', '2026-04-05 06:48:17'),
(733, 7501048695003, 'VENDALASTIC CON 1 PIEZA. 5CM. X 5MT.', 'VENDA ELASTICA DE MEDIA COMPRESION 5 CMS X 5 M -', 5.60, 5.39, 5.17, 5.17, 878, 'SECO', 'PENDIENTE', '2026-04-05 06:48:17'),
(734, 7506484500119, 'VENDA-STICK AUTOADHERIBLE 5CMx4.5MTS COLOR PIEL', 'VENDA  AUTOADHERIBLE COLOR PIEL', 32.33, 31.09, 29.84, 29.84, 879, 'SECO', 'PENDIENTE', '2026-04-05 06:48:17'),
(735, 7503014279507, 'VENDITAS COLOR TRANSPIEL (ALFA MEDICAL) 19X72MM. CAJA CON 10', 'VENDITAS ADHESIVAS (ESTANDAR)', 44.17, 42.48, 40.78, 40.78, 12, 'SECO', 'PENDIENTE', '2026-04-05 06:48:17'),
(736, 51131223684, 'VENDITAS TRANSPARENTES CON 20 PIEZAS NEXCARE', 'VENDITAS', 0.00, 0.00, 0.00, 0.00, 6, 'SECO', 'PENDIENTE', '2026-04-05 06:48:17'),
(737, 780083140731, 'VENGESIC 200-200-100-0.5 MG CON 20 TABLETAS', 'ALUMINIO, METOCARBAMOL, FENILBUTAZONA, DEXAMETASONA - TABLETA C / 20', 44.11, 40.29, 38.68, 38.68, 880, 'SECO', 'PENDIENTE', '2026-04-05 06:48:17'),
(738, 7500464605948, 'VEOZA 45 MG 30 TAB', 'FEZOLINETANT', 0.00, 0.00, 0.00, 0.00, 10, 'SECO', 'PENDIENTE', '2026-04-05 06:48:17'),
(739, 7502211786788, 'VILADOL-PLUS 500/10 MG CAJA CON 20 TABLETAS', 'PARACETAMOL, BUTILHIOSCINA - TABLETA 500 - 10 MG C / 20', 67.46, 55.60, 51.89, 51.89, 881, 'SECO', 'PENDIENTE', '2026-04-05 06:48:17'),
(740, 7506442705433, 'VISHAL CISPLATINO FRASCO CON 1 AMPULA 50MG/50ML', 'CISPLATINO', 305.15, 290.63, 278.21, 278.21, 883, 'SECO', 'PENDIENTE', '2026-04-05 06:48:17'),
(741, 354312225133, 'VITACILINA .350/100000UI/100G UNGUENTO 28G', 'SULFATO DE NEOMICINA 0.35 G RETINOL 100000.00 UI - 1 UNGUENTO 28 G .350 G / 100000 UI / 100 G', 39.91, 38.17, 38.17, 38.17, 885, 'SECO', 'PENDIENTE', '2026-04-05 06:48:17'),
(742, 7501125155758, 'VITAFUSIN ADULTO SOL. INY. CON 1 FCO. AMP. 5 ML', 'MULTIVITAMINICO P / INFUSION ADULTO -', 179.40, 172.50, 165.60, 165.60, 886, 'SECO', 'PENDIENTE', '2026-04-05 06:48:18'),
(743, 614143495502, 'VITALCARE ESTETOSCOPIO DOBLE CAMPANA', 'DOBLE CAMPANA DE ALUMINIO CON ESTUCHE', 118.18, 113.64, 109.09, 109.09, 2, 'SECO', 'PENDIENTE', '2026-04-05 06:48:18'),
(744, 75017156, 'VIVRADOXIL 100 MG CON TABLETAS', 'DOXICICLINA', 27.65, 25.60, 24.58, 24.58, 888, 'SECO', 'PENDIENTE', '2026-04-05 06:48:18'),
(745, 780083149024, 'VOLFENAC GEL 1 GEL 2.32G/100 G - 100 G - GEL - 1.16 G / 100', 'DICLOFENACO SODICO 2.32 G - TOPICO', 53.17, 51.13, 49.08, 49.08, 3, 'SECO', 'PENDIENTE', '2026-04-05 06:48:18'),
(746, 7501065027740, 'VOLTAREN 24H PARCHE 7x10 CM. 15 MG CAJA CON 5 PIEZAS', 'DICLOFENACO PARCHES C/5', 169.18, 169.18, 169.18, 169.18, 889, 'SECO', 'PENDIENTE', '2026-04-05 06:48:18'),
(747, 7502004403502, 'VO-REMI 50/25MG/1 SOL.INY CON 5 AMPULAS', 'MECLIZINA 25.00 MG PIRIDOXINA 50.00 MG - SOLUCION INYECTABLE', 0.00, 0.00, 0.00, 0.00, 890, 'SECO', 'PENDIENTE', '2026-04-05 06:48:18'),
(748, 7502227870716, 'VYLKOR 8 MG CON 10 TABLETAS', 'ONDANSETRON 8.00 MG - TABLETA ORAL', 54.25, 48.82, 46.74, 46.76, 891, 'SECO', 'PENDIENTE', '2026-04-05 06:48:18'),
(749, 7503007822970, 'WEGOVY SEMAGLUTIDA DOSIS 1.7 MGN/PLUMA PRECARGADA 2.27 MG SO', 'SEMAGLUTIDA', 0.00, 0.00, 0.00, 0.00, 15, 'SECO', 'PENDIENTE', '2026-04-05 06:48:18'),
(750, 7501318614376, 'XARELTO 2.5 MG. CON 56 COMPRIMIDOS', 'RIVAROXABAN 2.5 MG -', 1.00, 1.00, 1.00, 1.00, 5, 'SECO', 'PENDIENTE', '2026-04-05 06:48:18'),
(751, 7503055898019, 'XELFOS CICLOFOSFAMIDA 1000 MG LIOFILIZADO 1 FRASCO', 'CICLOFOSFAMIDA', 910.00, 975.00, 840.00, 840.00, 894, 'SECO', 'PENDIENTE', '2026-04-05 06:48:18'),
(752, 7503055898002, 'XELFOS CICLOFOSFAMIDA 500 MG LIOFILIZADO 1 FRASCO', 'CICLOFOSFAMIDA 500 MG', 650.00, 625.00, 600.00, 600.00, 897, 'SECO', 'PENDIENTE', '2026-04-05 06:48:18'),
(753, 650240052545, 'XL-3 ANTIGRIPAL 325/10/4 MG CON 10 TABLETAS', 'FENILEFRINA 10.00 MG PARACETAMOL 325.00 MG CLORFENAMINA 4.00 MG - 1 CAJA 325 / 10 / 4 MG', 30.33, 29.16, 28.00, 28.00, 898, 'SECO', 'PENDIENTE', '2026-04-05 06:48:18'),
(754, 650240017094, 'XL3 XTRA 250-10-5-2MG CON 12 CAPSULAS', 'PARACETAMOL, DEXTROMETORFANO, FENILEFRINA, CLORFENAMINA - CAPSULA C / 12', 41.81, 40.20, 38.59, 38.59, 899, 'SECO', 'PENDIENTE', '2026-04-05 06:48:18'),
(755, 7506358400408, 'YAPRINCA LINEZOLID 2MG/ML 300 ML SOL INY 600 MG/300 ML', 'SOLUCION 2 MG / ML INYECTABLE CAJA C / BOLSA C / SOLUCION P / INFUSION 300 ML ( 600 MG LINEZOLID ) - GLENMARK PHARMACEUTICALS MEXICO S A DE C V', 169.38, 162.86, 156.35, 160.26, 900, 'SECO', 'PENDIENTE', '2026-04-05 06:48:18'),
(756, 7506442704092, 'ZARIUS 40MG/5ML  (ESOMEPRAZOL) CON 1 FRASCO AMPULA', 'ESOMEPRAZOL', 122.20, 117.50, 112.80, 112.80, 1, 'SECO', 'PENDIENTE', '2026-04-05 06:48:18'),
(757, 7506442703378, 'ZIDOVUDINA FRASCO 240 ML CON TAPA DOSIFICADORA CAMBER', 'ZIDOVUDINA', 747.36, 615.96, 574.90, 574.90, 901, 'SECO', 'PENDIENTE', '2026-04-05 06:48:18'),
(758, 7506313800403, 'ZOITOL 1 MG.CON 28 TABLETAS', 'ANASTROZOL', 158.88, 148.71, 142.35, 142.35, 902, 'SECO', 'PENDIENTE', '2026-04-05 06:48:18'),
(759, 780083140274, 'ZOLIDIME 200/0.5/100/200 MG CON 20 GRAGEAS', 'ALUMINIO, DEXAMETASONA, FENILBUTAZONA, SALICILAMIDA - GRAGEA C / 20', 45.24, 39.15, 37.58, 37.58, 905, 'SECO', 'PENDIENTE', '2026-04-05 06:48:18'),
(760, 7502223553033, 'ZOLUFEN 20 MG CON 120 CAPSULAS', 'OMEPRAZOL 20.00 MG - CAPSULA ORAL', 54.46, 52.36, 50.27, 50.27, 906, 'SECO', 'PENDIENTE', '2026-04-05 06:48:18'),
(761, 7502251890131, 'ZUCLEBIN 50 MG SOL. INY. CON 1 FRASCO  AMPULA', 'EPIRUBICINA', 954.41, 786.60, 734.16, 734.16, 907, 'SECO', 'PENDIENTE', '2026-04-05 06:48:18'),
(762, 7502251890148, 'ZUCLODOX 10 MG SOL. INY. CON 1 FRASCO AMPULA', 'DOXORUBICINA 10MG.', 752.75, 604.89, 579.04, 579.04, 908, 'SECO', 'PENDIENTE', '2026-04-05 06:48:18'),
(763, 7502251890506, 'ZUCLODOX DRS 20MG/10 ML SOLUCION INYECTABLE (RF)', 'DOXORUBICINA LIPOSOMAL -', 2.00, 2.00, 2.00, 2.00, 910, 'RED FRIA', 'PENDIENTE', '2026-04-05 06:48:18'),
(764, 7502251890711, 'ZULEB [DAUNORUBICINA] SOL INY 20 MG 1 FCO AMPULA ', 'DAUNORUBICINA SOL INY 20 MG 1 FCO AMPULA ', 568.75, 546.88, 525.00, 525.00, 911, 'SECO', 'PENDIENTE', '2026-04-05 06:48:18'),
(765, 7502251890285, 'ZUPHACIT CITARABINA 500MG/10 ML SOL. INY', 'CITARABINA', 0.00, 0.00, 0.00, 0.00, 912, 'SECO', 'PENDIENTE', '2026-04-05 06:48:18'),
(766, 7502251890728, 'ZUPHATER 1 MG EQUIVALENTE A 0.86 MG DE TERLIPRESINA.', 'TERLIPRESINA', 713.44, 588.00, 548.80, 548.80, 7, 'SECO', 'PENDIENTE', '2026-04-05 06:48:18'),
(767, 7502251891350, 'ZUREBID 500 MG CON 50 COMPRIMIDOS', 'ACIDO MICOFENOLICO (MICOFENOLATO DE MOFETILO)', 655.20, 540.00, 504.00, 504.00, 913, 'SECO', 'PENDIENTE', '2026-04-05 06:48:18'),
(768, 7502251890612, 'ZURIMACIN 25 MG CON 30 TABLETAS', 'EXEMESTANO', 1.00, 1.00, 988.40, 988.40, 915, 'SECO', 'PENDIENTE', '2026-04-05 06:48:18'),
(769, 7502251890414, 'ZURIXOL 80 MG CON 1 FCO AMPULA DOCETAXEL DILUYENTE 6 ML(RF)', 'DOCETAXEL 80 MG/2 ML Y DILUYENTE DE 6 ML', 1.00, 1.00, 1.00, 1.00, 917, 'RED FRIA', 'PENDIENTE', '2026-04-05 06:48:18'),
(770, 7502251891374, 'ZURMEZ 400MG/4ML SOLUCION INYECTABLE CON 5 FRASCOS', 'MESNA', 0.00, 0.00, 0.00, 0.00, 918, 'SECO', 'PENDIENTE', '2026-04-05 06:48:18');

-- --------------------------------------------------------

--
-- Estructura de tabla para la tabla `solicitudes_registro`
--

CREATE TABLE `solicitudes_registro` (
  `id` int(11) NOT NULL,
  `tipo_cliente` enum('FARMACIA','DISTRIBUIDORA','EMPRESA') NOT NULL,
  `razon_social` varchar(300) NOT NULL,
  `rfc` varchar(20) DEFAULT NULL,
  `regimen_fiscal` varchar(150) DEFAULT NULL,
  `domicilio_fiscal` varchar(400) DEFAULT NULL,
  `colonia` varchar(150) DEFAULT NULL,
  `cp` varchar(10) DEFAULT NULL,
  `ciudad` varchar(100) DEFAULT NULL,
  `estado` varchar(60) DEFAULT NULL,
  `representante` varchar(200) DEFAULT NULL,
  `nombre_comercial` varchar(300) DEFAULT NULL,
  `giro` varchar(300) DEFAULT NULL,
  `persona_contacto` varchar(200) DEFAULT NULL,
  `volumen_mensual` varchar(50) DEFAULT NULL,
  `telefono_local` varchar(20) DEFAULT NULL,
  `telefono_celular` varchar(20) DEFAULT NULL,
  `email` varchar(150) DEFAULT NULL,
  `documento_tipo` varchar(20) DEFAULT 'FACTURA',
  `metodo_pago` varchar(30) DEFAULT 'TRANSFERENCIA',
  `uso_cfdi` varchar(100) DEFAULT NULL,
  `domicilio_entrega` varchar(400) DEFAULT NULL,
  `colonia_entrega` varchar(150) DEFAULT NULL,
  `cp_entrega` varchar(10) DEFAULT NULL,
  `ciudad_entrega` varchar(100) DEFAULT NULL,
  `municipio_entrega` varchar(100) DEFAULT NULL,
  `estado_entrega` varchar(60) DEFAULT NULL,
  `receptor_entrega` varchar(200) DEFAULT NULL,
  `horario_entrega` varchar(200) DEFAULT NULL,
  `estatus` enum('PENDIENTE','APROBADA','RECHAZADA') NOT NULL DEFAULT 'PENDIENTE',
  `notas_admin` text DEFAULT NULL,
  `ip_origen` varchar(45) DEFAULT NULL,
  `created_at` timestamp NOT NULL DEFAULT current_timestamp(),
  `updated_at` timestamp NOT NULL DEFAULT current_timestamp() ON UPDATE current_timestamp()
) ENGINE=InnoDB DEFAULT CHARSET=utf8mb4 COLLATE=utf8mb4_general_ci;

--
-- Índices para tablas volcadas
--

--
-- Indices de la tabla `administradores`
--
ALTER TABLE `administradores`
  ADD PRIMARY KEY (`id`),
  ADD UNIQUE KEY `email` (`email`);

--
-- Indices de la tabla `clientes`
--
ALTER TABLE `clientes`
  ADD PRIMARY KEY (`id`),
  ADD KEY `idx_tipo` (`tipo`),
  ADD KEY `idx_estatus` (`estatus`),
  ADD KEY `idx_rfc` (`rfc`);

--
-- Indices de la tabla `configuracion`
--
ALTER TABLE `configuracion`
  ADD PRIMARY KEY (`clave`);

--
-- Indices de la tabla `contacto_mensajes`
--
ALTER TABLE `contacto_mensajes`
  ADD PRIMARY KEY (`id`),
  ADD KEY `idx_leido` (`leido`);

--
-- Indices de la tabla `inventario_movimientos`
--
ALTER TABLE `inventario_movimientos`
  ADD PRIMARY KEY (`id`),
  ADD KEY `idx_producto_id` (`producto_id`),
  ADD KEY `idx_tipo` (`tipo`),
  ADD KEY `idx_created_at` (`created_at`);

--
-- Indices de la tabla `inventario_stock`
--
ALTER TABLE `inventario_stock`
  ADD PRIMARY KEY (`producto_id`);

--
-- Indices de la tabla `pedidos`
--
ALTER TABLE `pedidos`
  ADD PRIMARY KEY (`id`),
  ADD UNIQUE KEY `uk_folio` (`folio`),
  ADD KEY `idx_cliente` (`cliente_id`),
  ADD KEY `idx_estado_envio` (`estado_envio`),
  ADD KEY `idx_fecha_pedido` (`fecha_pedido`);

--
-- Indices de la tabla `pedidos_detalle`
--
ALTER TABLE `pedidos_detalle`
  ADD PRIMARY KEY (`id`),
  ADD KEY `idx_pedido_id` (`pedido_id`),
  ADD KEY `idx_producto_id` (`producto_id`);

--
-- Indices de la tabla `productos`
--
ALTER TABLE `productos`
  ADD PRIMARY KEY (`id`);

--
-- Indices de la tabla `solicitudes_registro`
--
ALTER TABLE `solicitudes_registro`
  ADD PRIMARY KEY (`id`),
  ADD KEY `idx_estatus` (`estatus`),
  ADD KEY `idx_tipo_cliente` (`tipo_cliente`);

--
-- AUTO_INCREMENT de las tablas volcadas
--

--
-- AUTO_INCREMENT de la tabla `administradores`
--
ALTER TABLE `administradores`
  MODIFY `id` int(11) NOT NULL AUTO_INCREMENT, AUTO_INCREMENT=2;

--
-- AUTO_INCREMENT de la tabla `clientes`
--
ALTER TABLE `clientes`
  MODIFY `id` int(11) NOT NULL AUTO_INCREMENT, AUTO_INCREMENT=6;

--
-- AUTO_INCREMENT de la tabla `contacto_mensajes`
--
ALTER TABLE `contacto_mensajes`
  MODIFY `id` int(11) NOT NULL AUTO_INCREMENT;

--
-- AUTO_INCREMENT de la tabla `inventario_movimientos`
--
ALTER TABLE `inventario_movimientos`
  MODIFY `id` int(11) NOT NULL AUTO_INCREMENT;

--
-- AUTO_INCREMENT de la tabla `pedidos`
--
ALTER TABLE `pedidos`
  MODIFY `id` int(11) NOT NULL AUTO_INCREMENT, AUTO_INCREMENT=11;

--
-- AUTO_INCREMENT de la tabla `pedidos_detalle`
--
ALTER TABLE `pedidos_detalle`
  MODIFY `id` int(11) NOT NULL AUTO_INCREMENT, AUTO_INCREMENT=10;

--
-- AUTO_INCREMENT de la tabla `productos`
--
ALTER TABLE `productos`
  MODIFY `id` int(11) NOT NULL AUTO_INCREMENT, AUTO_INCREMENT=771;

--
-- AUTO_INCREMENT de la tabla `solicitudes_registro`
--
ALTER TABLE `solicitudes_registro`
  MODIFY `id` int(11) NOT NULL AUTO_INCREMENT;

--
-- Restricciones para tablas volcadas
--

--
-- Filtros para la tabla `inventario_movimientos`
--
ALTER TABLE `inventario_movimientos`
  ADD CONSTRAINT `fk_inv_mov_producto` FOREIGN KEY (`producto_id`) REFERENCES `productos` (`id`) ON UPDATE CASCADE;

--
-- Filtros para la tabla `inventario_stock`
--
ALTER TABLE `inventario_stock`
  ADD CONSTRAINT `fk_inv_stock_producto` FOREIGN KEY (`producto_id`) REFERENCES `productos` (`id`) ON DELETE CASCADE ON UPDATE CASCADE;

--
-- Filtros para la tabla `pedidos`
--
ALTER TABLE `pedidos`
  ADD CONSTRAINT `fk_pedidos_cliente` FOREIGN KEY (`cliente_id`) REFERENCES `clientes` (`id`) ON UPDATE CASCADE;

--
-- Filtros para la tabla `pedidos_detalle`
--
ALTER TABLE `pedidos_detalle`
  ADD CONSTRAINT `fk_detalle_pedido` FOREIGN KEY (`pedido_id`) REFERENCES `pedidos` (`id`) ON DELETE CASCADE ON UPDATE CASCADE,
  ADD CONSTRAINT `fk_detalle_producto` FOREIGN KEY (`producto_id`) REFERENCES `productos` (`id`) ON UPDATE CASCADE;
COMMIT;

/*!40101 SET CHARACTER_SET_CLIENT=@OLD_CHARACTER_SET_CLIENT */;
/*!40101 SET CHARACTER_SET_RESULTS=@OLD_CHARACTER_SET_RESULTS */;
/*!40101 SET COLLATION_CONNECTION=@OLD_COLLATION_CONNECTION */;
